,area,rate
1,Kothur,3400 
2,Kondapur,11207.47 
3,Tellapur,52506.19 
4,Shadnagar,3333.33 
5,Gachibowli,48344.48 
6,Maheshwaram,3840.29 
7,Kukatpally,3537.65 
8,Tukkuguda,4163.39 
9,Patancheru,4433.41 
10,Miyapur,6675.6 
11,Beeramguda,4241.67 
12,Adibatla,412.69 
13,Hitech City,10846.14 
14,Manikonda,993.87 
15,Bachupally,626.39 
16,Nizampet,6847.47 
17,Madhapur,9385.41 
18,Chandanagar,5897.54 
19,Bhuvanagiri,-
20,Kokapet,8453.19 
21,Kompally,5497.97 
22,Kollur,4440.07 
23,Indresham,348.78 
24,Toli Chowki,9172.2 
25,Nanakramguda,9476.67 
26,Kadthal,-
27,Shamshabad,320.93 
28,Nagole,6354.79 
29,Pragathi Nagar Kukatpally,562.15 
30,Narsingi,43499.06 
31,BHEL,4490.17 
32,Ghatkesar,3428.95 
33,Yadagirigutta,3348.07 
34,Isnapur,3440.98 
35,Banjara Hills,26568.43 
36,Bandlaguda Jagir,5189.97 
37,KPHB,4494.35 
38,Mallampet,4393.93 
39,Bhongir,-
40,Rudraram,-
41,Puppalaguda,5898.56 
42,Warangal Highway Aler,-
43,Shankarpalli,6228.28 
44,Alwal,4888.49 
45,Krishna Reddy Pet,6331.04 
46,Shaikpet,10266.53 
47,Ramachandra Puram,5467.37 
48,Mucherla,-
49,Begumpet,8412.98 
50,Rampally,3851.85 
51,Dammaiguda,5344.84 
52,Mansanpally,-
53,Bhanur,2946.09 
54,Srisailam Highway,5895.51 
55,Tarnaka,6698.37 
56,Thimmapur,-
57,Sadasivpet,2973.58 
58,Shamirpet,2984.11 
59,Ibrahimpatnam,-
60,Habsiguda,7321.2 
241,,
261,Kollur Road,3802.96 
262,AS Rao Nagar,5213.56 
263,Uppal,5605.14 
264,Serilingampally,827.49 
265,Medchal,3970.48 
266,JP Darga,-
267,Nandigama,2946.09 
268,Ameerpet,9445.17 
269,Nacharam,6276.52 
270,Sadashivpet,-
271,Sangareddy,3171.81 
272,Attapur,651.51 
273,Himayat Nagar,9174.25 
274,Boduppal,5387.29 
275,Sainikpuri,5534.29 
276,Kapra,4378.56 
277,Jubilee Hills,12779.22 
278,Aminpur,5521.94 
279,Hafeezpet,6340.77 
280,Gandhinagar,2352.94 
281,Bibinagar,-
282,Keesara,3850 
283,Yapral,4740.56 
284,Mokila,3885.71 
285,Gajularamaram,4906.11 
286,Shankarpally Road,4250.41 
287,Malkajgiri,5391.12 
288,Kismatpur,4913.37 
289,Nallagandla Gachibowli,7872.82 
290,BB Nagar,-
291,financial District,5983.84 
292,Kundanpally,-
293,Mehdipatnam,6237.77 
294,Nallagandla Road,5488.5 
295,Sanath Nagar,8708.06 
296,Appa Junction Peerancheru,5666.84 
297,Nagaram,3781.15 
298,Komshetpalle,-
299,Bollaram,4340.92 
300,Bolarum,5218.46 
301,Aushapur,553.57 
302,Kavadiguda,8437.93 
303,Nallakunta,612.31 
304,Gopanpally,6159.27 
305,Kandukur,-
306,Moula Ali,4492.44 
307,Bachupally Road,3950.68 
308,Vanasthalipuram,4852.48 
309,muthangi,3558.12 
310,Kistareddypet,3675.88 
311,Old Bowenpally,4883.72 
312,Rajendra Nagar,781.52 
313,LB Nagar,6427.96 
314,Somajiguda,10176.81 
315,East Marredpally,7823.9 
316,Badangpet,2865.82 
317,Hyder Nagar,5495.21 
318,Hyderabad Narsapur Road,-
319,Trimalgherry,5184.77 
320,Hyderabad Degloor Road,-
521,Beeramguda Road,4000 
522,Timmapur,-
523,West Marredpally,8510.36 
524,Dilsukh Nagar,5641.23 
525,Mallapur,4960.49 
526,Dundigal,3200 
527,Kachiguda,7413.24 
528,Safilguda,4689.39 
529,Amberpet,8659.19 
530,Gandi Maisamma,3200 
531,Gatkeshwar,1600 
532,Hayathnagar,5315.48 
533,Kothaguda,12835.41 
534,Uppal Kalan,511.95 
535,Chengicherla,-
536,ECIL,4200 
537,Masab Tank,6738.35 
538,Kothapet,6333.87 
539,Neredmet,4722.9 
540,Sanga Reddy,2918.17 
541,Saroornagar,5361.53 
542,Quthbullapur,4697.83 
543,Amangal,-
544,Bacharam,3000 
545,Almasguda,4268.29 
546,Humayunagar,5175.37 
547,Sultanpur,-
548,Qutub Shahi Tombs,4358.26 
549,Bowenpally,4915.88 
550,Kushaiguda,51.77 
551,Appa Junction,8136.63 
552,Neknampur,5758.62 
553,B N reddy nagar,4601.77 
554,Rameshwaram Banda,-
555,Balapur,3921.08 
556,Bowrampet,4675.52 
557,TurkaYamjal,3888.89 
558,Pocharam,-
559,Gopal Reddy Nagar,-
560,Madinaguda,5326.29 
561,Kondakal,-
562,Raviryal,2390.54 
563,Velimela,417.11 
564,Warangal highway,-
565,Thumkunta,3125 
566,Sanjeeva Reddy Nagar,4726.23 
567,Moinabad,-
568,Kondapur Police Colony Road,5948.28 
569,Patancheru Shankarpalli Road,2937.5 
570,Taramatipet,1763.1 
571,Ramanthapur,6296.3 
572,Suraram,3612.9 
573,Alair,-
574,Edulabad,-
575,Pedda Amberpet,-
576,Mangalpally,-
577,Karmanghat,4865.24 
578,Pati,3424.23 
579,ECIL Main Road,4405.5 
580,Suryapet,-
781,Tukkuguda Airport View Point Road,2499.5 
782,Adibhatla,3935.34 
783,Hastinapuram,5141.12 
784,Old Alwal,4216.51 
785,Suchitra,261.26 
786,Abids,8224.13 
787,Abdullapurmet,-
788,Ashok Nagar,5262.15 
789,Jedimetla,4402.2 
790,Lingampalli,5233.5 
791,Balanagar,5161.18 
792,Chilkur,466 
793,Jalapalli,-
794,Miyapur Bachupally Road,543.37 
795,Moosapet,810.57 
796,Usman Nagar,3641.71 
797,Wangapalli,-
798,Gajulramaram Kukatpally,5310.03 
799,Ramdas Pally,-
800,Hyderguda,5845.94 
801,Gopalnagar Society,-
802,Kongarkalan,2000 
803,Macha Bolarum,3703.01 
804,Patancheru Mandal,2500 
805,Gowdavalli,-
806,Linghampally,4483.28 
807,Moosarambagh Road,-
808,Narayanguda,6961.03 
809,Pocharam Near Muthangi,4608.7 
810,Whisper Valley,5288.52 
811,Yousufguda,5840.44 
812,Kowkur,3405.85 
813,Bairagiguda,4587.3 
814,Upparpally,4583.32 
815,Auto Nagar,5688.26 
816,Meerpet,4528.3 
817,Nadergul,-
819,Gollur,-
820,Kardhanur,6000 
821,Mallampet Road,3363.64 
822,Osman Nagar,3300 
823,Karkhana,462.3 
824,Allwyn Colony,4553.11 
825,Cherlapalli,4130.52 
826,Mamidpalli,-
827,Pashamailaram,2953.39 
828,Sri Nagar Colony,9285.71 
829,Malakpet,4940.94 
830,Bongloor,3300 
831,Chevella,-
832,Adikmet,533.85 
833,Gandipet,787.49 
834,kandukur Mandal,-
835,Raipalle,-
836,Lakdikapul,5584.16 
837,Annojiguda,-
838,chandrayangutta,5326.24 
839,Hussaini Alam,3630.01 
840,Keshampet,-
1041,Nandiwanaparthy,-
1042,Narsapur,-
1043,Rameswaram Banda,-
1044,Shameerpet,-
1045,Shamshabad Road,-
1046,Thummaluru,-
1047,Uppalguda,4313.16 
1048,Hakimpet,6864.38 
1049,hyderabad,2910.97 
1050,Koheda,-
1051,Narapally,-
1052,Vikarabad,-
1053,Erragadda,30630.6 
1054,Hyderabad Warangal Highway,-
1055,Hyderabad Warangal Hwy,-
1056,JNTU,5201 
1057,Maheshwar Mandal,-
1058,Mansoorabad,4858.4 
1059,Pragathi Nagar,4901.23 
1060,Jagadgiri Gutta,-
1061,Jhangir Pet,2000 
1062,Khajaguda Nanakramguda Road,711.11 
1063,Lemoor,-
1064,Manasanapalli,-
1065,Mumbai Highway,-
1066,Peerzadiguda,4429.91 
1067,Rachloor,-
1068,Venkataramana Colony,6875 
1069,Yacharam Mandal,-
1070,Alkapur township,5387.81 
1071,Bangalore Hyderabad Highway,-
1072,Mansarpally,-
1073,TellapurOsman Nagar Road,5630.88 
1074,Zaheerabad,-
1075,Gagillapur,-
1076,Ameenpur Village Patancheru,3150 
1077,Choutuppal,-
1078,Domalguda,6838.61 
1079,Dubbacherla,-
1080,Kandlakoya,3627.62 
1081,Mahabubnagar,-
1082,Maisigandi,-
1083,Puppalguda,-
1084,Tatianaram,345.69 
1085,Telephone colony,4814.81 
1086,Warangal Hyderabad Highway,-
1087,Yacharam,-
1088,Bahadurpura,4050 
1089,Chikkadapally,883.99 
1090,Gaffur Nagar,-
1091,Khairatabad Road,5000 
1092,Sun City,9936.39 
1093,Bahadurpally,30.71 
1094,Chintalakunta,5683.33 
1095,Chintradripet,5476.93 
1096,Dubbacherla Village,-
1097,Gundlapochampally,3025 
1098,Hyder nagar kphb colony,2984.83 
1099,Mahadevpur Colony,4577.67 
1100,Matrusri Nagar,54.63 
1301,Old Malakpet,4757.31 
1302,PJR Enclave Road,2600 
1303,Ramoji Film city,-
1304,Saidabad,5265.4 
1305,Abdullapur,-
1306,Ameenpur,4250.41 
1307,Engineers Enclave,-
1308,Gandi Maisamma X Road,-
1309,Jadcherla,-
1310,Medchal and Kalkal Village,-
1311,NH765,12593.75 
1312,raidurgam,5473.33 
1313,sriram nagar kondapur,-
1314,Srisailam Road,-
1315,Thummaloor,-
1316,Boiguda,9358.29 
1317,Padmarao Nagar,6899.9 
1318,Chinthal,4491.1 
1319,Barkatpura,6276.5 
1320,Bhavish Enclave,-
1321,Kongara,2323.64 
1322,Manchirevula,5924.76 
1323,Mankhal,-
1324,Munganoor,-
1325,NRSA Colony,5435.95 
1326,Raji Reddy Nagar,5554.02 
1327,Shankarpalli Hyderabad Road,-
1328,Toopra Khurd,-
1329,Film Nagar,9114.7 
1330,Cheeriyal,3793.55 
1331,Anjaiah Nagar,-
1332,Chaitanyapuri,644.38 
1333,Darga Khaliz Khan,6311.48 
1334,Dubbacharla,-
1335,Falaknuma,-
1336,Gurramguda,3920 
1337,Hitex,7934.78 
1338,Inole,1650 
1339,ISB Ring Road,-
1340,kuntloor,-
1341,Lalgadi Malakpet,-
1342,Mamadipalli,-
1343,Mansanpally Highway,-
1344,Meerkhanpet,-
1345,Nagole Bandlaguda Road,-
1346,Nawab Saheb Kunta,3848.9 
1347,New Bowenpally X Road,3801.72 
1348,Phase-1 Vanasthalipuram,-
1349,Bandlaguda Road,-
1350,Bhadurpalle,3309.94 
1351,Borabanda,7814.81 
1352,Burgula,-
1353,Camelot Layout,-
1354,Gandimaisamma,2222.22 
1355,Koti,6378.15 
1356,Mettuguda,5312.45 
1357,Mokila Road,-
1358,nizampet road,5586.69 
1359,Old Safli Guda,3870.97 
1360,Osman Nagar Road,-
1561,Padma Sri Gardens Layout,-
1562,Shivaji Nagar,2333.33 
1563,Vattepally,-
1564,Saroor Nagar,4887.42 
1565,Banjara Hills Road Number 12,10742.64 
1566,Beeramguda Vandanapuri Colony,3765.81 
1567,Bollarum,3720.93 
1568,Devatabowli,-
1569,Karwan,-
1570,Keesaragutta,-
1571,Madhura Nagar,6447 
1572,Mayuri Nagar,5268.12 
1573,Miraj Colony,-
1574,Miyapur HMT Swarnapuri Colony,-
1575,Nandigam,-
1576,Salivahana Colony,-
1577,Trimulgherry,-
1578,Turkapally,1600 
1579,Yamjal,-
1580,Aremaishamma,-
1581,Botanical Garden Road Kondapur,-
1582,Buddha Nagar,-
1583,Champapet,15584.42 
1584,Chanakyapuri,5721.93 
1585,Chintalmet,3882.7 
1586,Desh Mukhi,-
1587,Gaddi Annaram,6296.3 
1588,Gundlapochampalli,2439.57 
1589,Happy Homes Colony,4280.56 
1590,Janachaitanya Colony,4113.53 
1591,Kavuri Hills,6265.06 
1592,Krishna Reddy Pet Road,3357.14 
1593,Kundanbagh,-
1594,Madhava Hills Estates,-
1595,Moula Ali Road,4200 
1596,Nampally,3577.78 
1597,Neeladri Nagar,-
1598,Panjagutta,4875.21 
1599,Patel Guda,-
1600,Peeramcheru,7203.39 
1601,Penjerla,-
1602,Puppalaguda Road,4285.71 
1603,R Krishnaiah Nagar,-
1604,Upperpally,-
1605,Vidya nagar,5125 
1606,Yellareddy Guda,4782.61 
1607,Bachupaly Road Miyapur,4339.85 
1608,Bagh Amberpet,6167.29 
1609,Banjara Hills Road Number 10,-
1610,Budvel,-
1611,Chitkul,-
1612,Chitrapuri Colony,-
1613,Dharam Karam Road Ameerpet,-
1614,ECIL Cross Road,4000 
1615,Ghanpur,3000 
1616,Ghatkesar Road,-
1617,Kanchan Bagh,3519.83 
1618,King koti,-
1619,Korremula,-
1620,Mallepally,-
1821,Manikonda Road,4500 
1822,Murad Nagar,4376.86 
1823,NEW MALAKPET,4000 
1824,Peddamberpet,-
1825,Punjagutta,-
1826,Raghavendra Colony Manikonda,-
1827,Siddipet,-
1828,Telecom Nagar,-
1829,Vasanth Nagar Colony,5800 
1830,VIP Hills,-
1831,Zamistanpur,517.48 
1832,Alkapoor,6000 
1833,Alkapur,4000 
1834,Aparna Hill Park,-
1835,Asif Nagar,6202.74 
1836,Attapur Ring Road,4334.88 
1837,Bagath Singh Nagar Phase 2,-
1838,Balkampet,-
1839,Batasingaram,-
1840,Bolarum to Kompally Road,4575.9 
1841,Boudhanagar Colony,4901.96 
1842,Central Excise Colony Hyderabad,688.4 
1843,Chinthal Basthi,2963.37 
1844,Diamond Point Road,3699.67 
1845,Dr AS Rao Nagar Rd,4118.18 
1846,Gajewel,-
1847,Golconda Fort,2272.73 
1848,Golden Heights Road,-
1849,Gollapalle Kalan,-
1850,Huda Layout,2990.24 
1851,Hyderabad Vijayawada Highway,-
1852,Hydershakote,3113.6 
1853,Injapur,3788.55 
1854,Jai Hind Nagar Road,2917.1 
1855,Kishan Bagh,4250 
1856,Kokapeta Village,6400 
1857,Kompally Road,4660.64 
1858,KTR Colony,3842.32 
1859,manneguda,456.44 
1860,Nallagandla Fly over,5100 
1861,New Hafeezpet Hyderabad,-
1862,Panthangi Toll Plaza TIS,-
1863,Pasumamula,-
1864,Rakshapuram,3428.11 
1865,Ramachandrapuram,3543.43 
1866,Rambagh Colony,-
1867,Ramnagar Gundu,3713.08 
1868,Sathya Colony,-
1869,Sikh Village,4524.96 
1870,SR Nagar,5571.43 
1871,Sun City Padmasri Estates,474.07 
1872,Tadlakalva,-
1873,Toopran,-
1874,Vijayawada Highway,-
1875,Anand Bagh,4500 
1876,Basheer Bagh,7197.22 
1877,BDL Township,-
1878,Begumpet Main Road,-
1879,Bhanur village,-
1880,BHEL OLD MIG,-
2081,BK Guda Internal Road,4416.67 
2082,BN Reddy Road,-
2083,Chanchalguda,362.5 
2084,Chowdariguda,-
2085,Devaryamjal,-
2086,Dindigal,3349.9 
2087,Dullapally,3502.39 
2088,ECIL Main,4150.91 
2089,Gopanapalli Thanda,3100.78 
2090,Gouthapur,-
2091,Gudimalkapur,-
2092,Gundrampalli,-
2093,Huda Complex Mayuri Nagar,-
2094,Hyderabad Shah Guda,-
2095,INCOIS Road,-
2096,J P Durga Road,-
2097,Jalpally Road,-
2098,Jillelguda,-
2099,Kalimandir,-
2100,Kishan Nagar,-
2101,Kousalya Colony Road,3900 
2102,Kurmaguda,-
2103,Laxmiguda,-
2104,LB Nagar Main Road,5543.9 
2105,Miyapur Main Road,5264.42 
2106,Moulali,4357.34 
2107,National Highway,-
2108,NFC Colony Hyderabad,-
2109,NRI Anandnagar Road,663.35 
2110,Pasha Colony,-
2111,Patancheru Industrial Area,-
2112,Peddashapur,-
2113,Pragathi Nagar Road,3960.4 
2114,Pragati Nagar,3336.26 
2115,Quli Qutub Shah Nagar Colony,4142.86 
2116,Raghavendra Colony,-
2117,Rhoda Mistri Nagar,577.47 
2118,RK Puram,5500 
2119,Sainathapuram,4800 
2120,Saket,13928.57 
2121,Sangeet Nagar,4835.13 
2122,Tilak Nagar,5601.73 
2123,Vijay Nagar Colony Road,-
2124,Vivekananda Nagar Colony,5761.59 
2125,Whisper Valley Street,3999 
2126,Moti Nagar,5481.98 
2127,Pochampally,-
2128,5th Phase KPHB,6137.93 
2129,AGI Colony,-
2130,Ammuguda,4454.55 
2131,Arunodaya Colony Vittal Rao Nagar,-
2132,Ayyappa Society Main Road,-
2133,Banjara Hills Road Number 3,-
2134,Bank Of Baroda Colony,-
2135,Bhoodan Pochampally,-
2136,Bhudevinagar,-
2137,BK Guda Road,7391.3 
2138,Chilkalguda,-
2139,Chititra Medchal,4830.92 
2341,D D Colony,7142.86 
2342,Dream Valley Road,5949.1 
2343,Edi Bazaar,-
2344,Fateh Nagar,-
2345,Ghansi Bazaar,-
2346,Girmapur,-
2347,Gunrock Enclave,4285.71 
2348,Hafiz Baba Nagar,-
2349,HMT Colony,4653.47 
2350,Jai Bharat Nagar,-
2351,Jai Suryapatnam,-
2352,Kandhukargate,-
2353,Kandla Koya,4904.31 
2354,Karimnagar Hyderabad Highway,2813.46 
2355,Khizra Enclave,2962.96 
2356,kphb colony,-
2357,kukatpally housing board,-
2358,Lakdaram,-
2359,Mahindra Hills,6000 
2360,Malaysian Township Hyderabad,-
2361,Malkapur,-
2362,Manasa Hills,-
2363,Manikonda Secretariat Colony,4722.22 
2364,Medipally,-
2365,Mehboob Nagar,-
2366,Mohan Nagar,2525.99 
2367,Mokila Konadakal Road,-
2368,Nalgonda,-
2369,New Mallepally,-
2370,NizampetMiyapur Road,-
2371,Pahadi Shareef,-
2372,Palamakula,4761.9 
2373,Panchavati Colony Manikonda,5301.75 
2374,Paramount Colony Toli Chowki,3473.68 
2375,Patrika Nagar,7834.1 
2376,Poddattur Village,-
2377,Pragathi Nagar Main,-
2378,R R District,6451.61 
2379,Raikal Toll Plaza,-
2380,Raja Rajeshwara Nagar,5473.68 
2381,Rasoolpura,-
2382,Ravalkole,-
2383,Sagar Highway,-
2384,SainikpuriECIL Main Road,4454.55 
2385,Secunderabad Railway Station Road,4113.92 
2386,Shamshabad Nagarguda Road,-
2387,Shankarpalli Road,-
2388,Shantinagar Colony,6250 
2389,Shilpa Hills,4491.02 
2390,Shilpa Valley,-
2391,Sri Ramnagar Block C Kondapur,-
2392,Srinivasa Nagar Colony Hyderabad,-
2393,Sukender Reddy Colony,-
2394,Swarnadhama Nagar,5168.27 
2395,Thorrur Village,-
2397,Vayu Puri,-
2398,Vediri Township,-
2399,Venkatapuram Alwal Secundrabad,-
2400,Vinayak Nagar Colony Hyderabad,-
2601,Wampugudem,3200 
2602,Warasiguda,-
2603,Weaker Section Colony,-
2604,west venkatapuram,3800 
2605,Whitefield,5960.04 
2606,100 Feet Road,-
2607,1st Phase Allwyn Colony,-
2608,2nd Phase Allwyn Colony,-
2609,3rd Phase KPHB,-
2610,AC Guards Road,-
2611,Adarsh Nagar,3846.15 
2612,Aeronagar Hal Employees Colony,-
2613,Ahmedguda,-
2614,Al Hasnath Colony,-
2615,ALIND Employees Colony,5500 
2616,Alwyn Colony,-
2617,Ambedkar Nagar,-
2618,Amber Nagar,442.55 
2619,APHB Colony,2148.44 
2620,Ashraf Nagar,-
2621,Asif Nagar North,-
2622,Ayyappa Society,-
2623,Azamabad,-
2624,Aziz Nagar,-
2625,Baghdad Nagar,-
2626,Bandam Kommu,-
2627,Banjara Hills Main Road,-
2628,Bapuji Nagar,-
2629,Beram Guda,3913.04 
2630,BK Enclave,-
2631,Boduppal Road,-
2632,Chaitanya Enclave,8510.64 
2633,Chenna Reddy Nagar,-
2634,Chevella Road,-
2635,Chilkur Balaji Temple Road,-
2636,Chinthal Quthbullapur,-
2637,Cyber Port,-
2638,Dawoodkhanguda,-
2639,Diamond Hills Hyderabad,8796.3 
2640,Doyens Colony,-
2641,Dr A S Rao Nagar,3500 
2642,East Anand Bagh,-
2643,Fathenagar,-
2644,G V R Colony,-
2645,Gandhi Nagar,-
2646,Gandiguda,-
2647,Gautam Nagar,-
2648,Golconda Qila,-
2650,Gurram Guda,-
2651,Harshaguda,-
2652,Hayat nagar,-
2653,Hayath Nagar Gowrelly Road,-
2654,Hyderabad Suryapet Highway,-
2655,Ibrahimpatnam Road,-
2656,IDPL Colony,6914.94 
2657,Image Hospital Road,-
2658,Indramma Nagar,-
2659,International Airport,-
2660,Izzathnagar,11225.66 
2861,Jambagh,5639.1 
2862,Janachaitanya,-
2863,Jangaon,-
2864,Jawahar nagar,5882.35 
2865,Jaya Nagar,-
2866,Kamalaprasad Nagar,4862.39 
2867,Katedhan,-
2868,Kolanupaka,-
2869,Kollur Village,4400 
2870,KRCR Colony Road,3700 
2871,Krishna Nagar Colony,-
2872,Lakeview Colony Road,-
2873,Lal Darwaza,-
2874,Laxma Reddy Nagar,-
2875,Madhapur Ayyappa Society,-
2876,Madinaguda Mythri Nagar,4375 
2877,Mahalakshmipuri Colony,4454.55 
2878,Mailardevpally,4338.24 
2879,Malikdanguda,-
2880,Mallikarjuna Nagar,-
2881,Masjid Banda,5700 
2882,Mekaguda,-
2883,Miyapur Main,5800 
2884,MLA Colony Road Number 12,-
2885,Mulugu Mandal,-
2886,Nadargul Road,-
2887,Nandagiri Hills,8500 
2888,Nandamuri Nagar,3851.85 
2889,Nedunur,-
2890,Neelima Greens Road,-
2891,Nehru Outer Ring Road,-
2892,New Bhoiguda,4500 
2893,New Cyber Valley Main Road,-
2894,New Maruthi Nagar,4726.85 
2895,NFC Nagar,-
2896,Nizampet KTR Colony,-
2897,NRSA,-
2898,Old Nallakunta,-
2899,Padmanagar Phase II,467.23 
2900,Padmasri Hills,3813.07 
2901,Phase VI LIG Flats,-
2902,Picket,4415.93 
2903,Prakash Nagar,5700 
2904,Prem Nagar,348.78 
2905,Q City Road,-
2906,Rajbhavan Road Somajiguda,5434.78 
2907,Rajender Reddy Nagar Colony,-
2908,Rameshwaram,-
2909,Ramkote,-
2910,Ramnagar Hyderabad,-
2911,Ranga Reddy,-
2912,Rein Bazaar,3333.33 
2913,Residential Plot Sadasivapet,-
2914,Road No 10 Banjara Hills,-
2915,RR Nagar,-
2916,RTC X Roads,-
2917,SAIL Colony,-
2918,Sanath Nagar Czech Colony,3411.76 
2919,Santoshnagar,3954.8 
2920,Saptagiri Colony,2651.93 
3121,Sardar Patel Nagar,4561.4 
3122,Sathamrai Village,-
3123,Shahbad,-
3124,Shalibanda,-
3125,Shastripuram Road,3848.9 
3126,Shivarampally,6646.97 
3127,Sreenagar,-
3128,Sri Ram Nagar Colony,-
3129,Sri Sai Ram Residency Kistareddypet,312.88 
3130,Srinagar Colony Main Road,783.33 
3131,Srinilaya Township,-
3132,Srinivasa Nagar West,-
3133,Tadbund,-
3134,Thakkallapally,-
3135,Timmaipally,-
3136,Tirumalgiri,-
3137,Toli Chowki Deluxe Colony,-
3138,Tolichowki Paramount Hills,-
3139,Torrur,-
3140,Uppal Hills Colony Hyderabad,-
3141,Ushkebhavi,-
3142,Vasantha Nagar,5800 
3143,Vijaywada,-
3144,Vittal Rao Nagar,11000 
3145,Whitefields,8962.96 
3146,Yakutpura,4111.11 
3147,Yousufguda Main Road,-
3148,Musheerabad,-
3149,Balamrai,-
3150,Mazidpur,-
3151,Maddur,-
3152,6th Phase KPHB,4707.11 
3153,7 Tombs Road,-
3154,Adda Gutta,8000 
3155,Addagutta Society HMT Hills Road,5116.28 
3156,Aditya Nagar Colony,-
3157,Afzal Nagar Malakpet Extension,3428.57 
3158,Afzalgunj,-
3159,AG Colony Road,-
3160,Airport Road,-
3161,Akbar Hills,-
3162,Akhilandeswari Nagar,-
3163,Alkapoor Township Hyderabad,-
3164,Alkapuri Colony,-
3165,Alluri Seetaramaraju Nagar,-
3166,Ambience Fort,-
3167,Ameenpur Plots,-
3168,Ameerpet Road,-
3169,Anand Bagh Main Road,4500 
3170,Anjali Gardens,-
3171,Anjaneya Nagar,-
3172,Annaram,-
3173,APGOs Coop HSG Society,4666.67 
3174,Arvind Nagar Colony,4500 
3176,Asbestos Colony,-
3177,Ashok Manipuri,-
3178,Ashok Vihar Colony Hyderabad,4188.14 
3179,ASRaju Nagar Vivekananda Nagar,-
3180,Aziz Bagh,474.07 
3381,Aziz Bagh Colony,-
3382,Babamma Colony,-
3383,Baghdad Colony,-
3384,Baghlingampally,4782.61 
3385,Balaji Colony,-
3386,Balaji Enclave,-
3387,Balaji Hill Colony,-
3388,Balaji Hills Colony Venkatraya Nagar,3930.13 
3389,Balakampet,-
3390,Balapur Airport Rd,-
3391,Balapur Road,-
3392,Balapur X Road,-
3393,Balram Nagar,-
3394,Basuragadi Village,-
3395,Beeramguda Main Road,-
3396,Begum Bazar Chatri,-
3397,Begumpet Road,-
3398,Bhagya Lakshmi Colony,-
3399,Bhagyanagar Colony Kukatpally,-
3400,Bharath Nagar Colony,-
3401,Bharathnagar,-
3402,Bibi Ka Alawa Street,-
3403,Bilal Nagar,-
3404,Boduppal Colony Road,-
3405,Boduppal Dwaraka Nagar,-
3406,Bogaram,-
3407,Bombay National,-
3408,Borabanda Gayatri Nagar,-
3409,Borabunda,-
3410,Brundavan Colony Road,-
3411,Bundalguda,-
3412,Bus Stop Road No 1,3181.82 
3413,CBCID Colony,5971.01 
3414,Central Main Road,3304.35 
3415,Charminar,-
3416,Chennaram,-
3417,Chikati Mamedi,-
3418,Chilakalguda,-
3419,Chilkanagar,4475.62 
3420,Chudi Bazaar,7586.21 
3421,Cooperative Bank Colony,-
3422,Creative Nagar,-
3423,Cyber City,-
3424,Cyber Hills,-
3425,Cyprus Palms Road,-
3426,Dattatreya Colony,-
3427,Dattatreya Nagar,-
3428,Deepthisri Nagar,5428 
3429,Defence Colony,-
3430,Degloor Hyderabad Road,-
3431,Deluxe Colony,-
3432,Devi Laxmi Bagh,-
3433,Dhatu Nagar,-
3434,Don Bosco Nagar Kalimandir,-
3435,Doodh Bowli,-
3436,Dr A S Rao Nagar Rd,4800 
3437,Dur gam Sheru,5533.33 
3438,Dynamics Colony,-
3439,East Balaji Hill Colony Hyderabad,-
3440,East Kakathiya Nagar,-
3641,Edula Nagula Pally,333.98 
3642,Ekrajguda,-
3643,Employees Colony,4454.55 
3644,Erramanzil,-
3645,Eshwaripuri Colony,-
3646,Fatehdarwaza,1600 
3647,feelkhana,-
3648,Friends Colony,4615.38 
3649,Friends Colony Bandam Kommu,-
3650,Gaddiannaram Road,-
3651,Gagan Vihar Colony,-
3652,Gaghan Pahad,-
3653,Galaxy,-
3654,Gayatri Nagar,-
3655,Gayatri Nagar Borabanda,-
3656,Gokul Enclave,-
3657,Golden Heights Colony,483.33 
3658,Golden Temple Road,5722.58 
3659,Golden Tulip Estate Hyderabad,-
3660,Gollapally,3500 
3661,Gopal Nagar,4800 
3662,gowlidoddi,-
3663,Gowrelly,1938.33 
3664,Gudimalkapur Road,-
3665,Gun Foundry,-
3666,Gundrampally,-
3667,Gurumurthy Lane,-
3668,H S Darga,-
3669,Hafeezpet Flyover,6139.04 
3670,Hakeempet,-
3671,HAL Colony,4363.64 
3672,Hanamkonda Hyderabad Road,-
3673,Hanuman Nagar,-
3674,Hasthinapuram Central Hyderabad,4890.83 
3675,Hastinapur,4968.94 
3676,Hema Nagar,-
3677,Hill Ridge Springs,-
3678,Himagiri Nagar Colony Road,-
3679,Hitech City Road,-
3680,HS Darga Hyderabad,-
3681,HUDA Techno Enclave,-
3682,Humayun Nagar Road,3818.18 
3683,Hyderabad Bangalore Highway,-
3684,Hyderabad Nizamabad Road,-
3685,Hyderabad Ramagundam Road,-
3686,Hyderabad Warangal Bhopalpatnam Highway,-
3687,Hydershakote Gandhamguda,-
3688,Hylam Colony,-
3689,ICRISAT Colony,-
3690,ICRISAT Colony Phase 2,-
3691,Ida Bollaram,-
3692,IDA CHEARLAPALLY,-
3693,IDA Pashamylaram,-
3694,Imam Guda,-
3695,ImamGuda,-
3696,Indian Airlines Colony Hyderabad,-
3697,Indira Nagar,-
3698,Jagruthi Colony Raghavendra Colony,-
3699,Jai Jawan Colony,4184.1 
3700,Jaihind Enclave,-
3901,Janwada Road,-
3902,Jayabheri Pine Valley,-
3903,Jayanagar New Bowenpally,-
3904,Jayapuri Colony Hyderabad,-
3905,Jeedimetla Main Road,-
3906,Jillelaguda,-
3907,Journalist Colony,-
3908,JPR Enclave,-
3909,Jubilee Hills Check Post Road,-
3910,Jupiter Colony Secunderabad,-
3911,JV Hills,5500 
3912,K P H B Phase 1,-
3913,K P H B Phase 9,-
3914,Kachavani Singaram,-
3915,Kaiser Nagar,5315.61 
3916,Kakatiyanagar,-
3917,Kalika Nagar,4285.71 
3918,Kalwakurthy,-
3919,Kalyanpuri Colony,-
3920,Kamareddy,-
3921,Kanajiguda,-
3922,Karimnagar,3482.59 
3923,Katedan Industrial Area,-
3924,Khanamet,-
3925,Khanapur West Hyderabad,-
3926,Khilwat,3651.69 
3927,Kismatpur Road,-
3928,Kistamma Enclave,-
3929,Kknagar Phase 2 Colony,-
3930,Komatikunta,-
3931,kondapur jankshan,-
3932,Koulampet,-
3933,Kowkoor village,-
3934,KPHB Phase 2,-
3935,KPR Colony,-
3936,Krishna Nagar,-
3937,Kucharam,-
3938,Lake View Colony,-
3939,Lake View Residency,-
3940,Lalitha Bagh,2500 
3941,Langer House,-
3942,Laxminagar Colony Saidabad,-
3943,Leelanagar,-
3944,Madhavapuri Hills PJR Layout,-
3945,Madhavaram Nagar Colony,4285.71 
3946,Madhavi Nagar,-
3947,Madhpal,-
3948,Mahalaxmi Nilayam,-
3949,Mahankhali Nagar,-
3950,Maheswaram Lines,-
3951,Majeedpur,-
3952,Malkajgiri Road,5642.36 
3953,Mallapur Nacharam Road,-
3954,Mallapur Village,-
3955,Mallempet Road,-
3956,Mangalhat,-
3957,Manjeera Pipeline Road,-
3958,Maruthi Nagar New Santoshnagar,-
3959,Maruti Nagar Colony,-
3960,Masab Tank Vijaynagar Colony,6535.95 
4161,Mayur Marg,-
4162,MCR Colony Badangpet,-
4163,Medak,-
4164,Mega Hills,-
4165,Methodist Colony,462.96 
4166,MG Road,-
4167,Midhani,-
4168,MIG Colony,2938.46 
4169,Military Dairy Farm Road,-
4170,Moghal Nagar,-
4171,Mohammed Nagar,-
4172,Moin Bagh Road,-
4174,Mount Opera,-
4175,Mount Road,-
4176,MSNS Sai Ram Nagar,-
4177,"Murali Enclave, Sai Nagar Colony, Balapur",-
4178,Mytri Nagar,-
4179,Nagaram Village,-
4180,Nagarjuna Nagar Colony,-
4181,Nagarjuna Sagar Highway,497.74 
4182,Nagireddy Guda,-
4183,Nalanda Nagar,-
4184,Namalagundu Road,-
4185,Narayan Kher,-
4186,Narendra Nagar Colony Ameenpur,-
4187,Narsingh,-
4188,Near Chandana Brother,2952.94 
4189,Near TCS,6539.68 
4190,Neeraj Colony,-
4191,Nehru Nagar,-
4192,Nehru Street,-
4193,Neknampur Road,-
4194,Neredmet Sainikpur X Road,376.92 
4195,Neredmet X Road Vayupuri Sainikpuri X Road,4454.55 
4196,Netaji Nagar,3348.84 
4197,Netaji Road,-
4198,New Banjara Enclave,-
4199,New Green City,-
4200,NGO Colony,-
4201,Nizamabad,-
4202,North Lalaguda,-
4203,Old Airport Road,2499 
4204,Osmani Avenue,467.57 
4205,Osmania University,-
4206,Osmanpura Colony Azampura,4954.78 
4207,P&T Colony,-
4208,Padamatisaiguda,-
4209,Padma Colony,-
4210,Padmanagar Colony,4285.71 
4211,Padmanagar Phase 1,-
4212,Paparayadu Nagar,-
4213,Paradise Circle,5500 
4214,Paramount Colony,4000 
4215,Pathar Gatti,-
4216,Patigadda,-
4217,Peddayapalle,-
4218,Phase IV,-
4219,PJR Layout,5982.91 
4220,Prashant Hills,-
4421,Prashanthi Hills Road,3400 
4422,PT Colony Hyder Shah Kote,-
4423,Quli Qutub Shah Layout,-
4424,Radha Krishna Society,-
4425,Raigir,-
4426,Raisal,-
4427,Raj Bhavan Quarters Colony,-
4428,Rajapur,-
4429,Rajbhavan Road,4230.77 
4430,Rajiv Gandhi Nagar Colony,-
4431,Rajivnagar,5128.21 
4432,Rallaguda,-
4433,Ramgopalpet,-
4434,Ramnas Pura,-
4435,Reddy Colony,-
4436,Reddy Colony DrReddys Enclave,-
4437,Residential Flat Machavaram,4000 
4438,Ring Road,352.63 
4439,Road No7 NIN Colony,-
4440,Road Number 5,8333.33 
4441,Road Number 7,-
4442,RP Road,-
4443,RTC Colony,4727.27 
4444,Sadat Nagar,-
4445,Safari Nagar,-
4446,Sai Aishwarya Layout,-
4447,Sai Gardens,-
4448,Sai Nagar Colony,6857.14 
4449,Sainikpuri Road,4454.55 
4450,Sainikpuri X Road Vayupuri Neredmet X Road,-
4451,Sainikpuri X Road Vayupuri Road,4454.55 
4452,Samata Colony,-
4453,Samshabad Colony,-
4454,Sangareddy Ameenpur Hyderaba,-
4455,Sanjeeva Reddy Nagar Road,-
4456,Saraswathi Nagar,-
4457,SBI Defence Colony,-
4458,SD Road,-
4459,Secretariat Colony,-
4460,Seshachala Colony,5405.41 
4461,Shahbad Road,-
4462,Shaheen Nagar,-
4463,Shaheen Nagar Habeeb Colony,-
4464,Shaikpet Road,4500 
4465,Shaili Gardens,-
4466,Sham Nagar Colony Road,-
4467,Shamshiguda,-
4468,Shanti Nagar,-
4469,Sharada Nagar,-
4470,Sheriguda,-
4471,Shilpa Avenue Colony,-
4472,Shobana Colony West Marredpally,6250 
4473,Siddanthi,-
4474,Siddhi Vinayak Nagar,-
4475,Sikanderguda,2916.67 
4476,Singada Kunta,-
4477,Skandagiri,-
4478,South Kamala Nagar,4281.69 
4479,Sowjanya Colony,-
4480,Sree Prabhupada Township,-
4681,Sreenivasa Nagar,4811.9 
4682,Sri Durga Colony,-
4683,Sri Laxmi Nagar Colony,-
4684,Sri Ramanapuram,-
4685,Sri Rangapuram Colony,-
4686,Sri Sai Nagar Colony,-
4687,Sri Venkateshwara Colony,-
4688,Sriram Nagar,4634.15 
4689,Srisailam,-
4690,Sriven Enclave,4000 
4691,Stella Nagaram,-
4692,Sumasree Road,-
4693,Sunder Nagar,-
4694,Surya Enclave,-
4695,Surya Enclave Main,-
4696,Suryodaya Colony Road,-
4697,Syed Ali Guda,-
4698,Tad Bun,-
4699,Tarnaka 13th Street,-
4700,Tellapur Rd,-
4701,Temple Alwal,-
4702,Temple Alwal Secundrabad,-
4703,Thondapalli,-
4704,Timarpur,-
4705,Tolichowki Jhansi Nagar Colony,-
4706,Tukaram Gate,-
4707,Umdanagar,-
4708,Uppal Mandal,-
4709,Uppal Road,-
4710,Upperpally Happy Homes,-
4711,Usha Mullapudi Road,-
4712,Ushodaya Colony,-
4713,Vanasthali Hills,-
4714,Vanasthalipuram Road,-
4715,Vani Nagar,-
4716,Vattinagulapally,-
4717,Ved Vihar,-
4718,Venkatadri Township IV Phase,-
4719,Venkatapuram,-
4720,Venkateswara Enclave,-
4721,Venkateswara Nagar,-
4722,Venkatraya Nagar,3797.47 
4723,Vidyanagar Adikmet,7415.73 
4724,Vijaya Nagar Colony,-
4725,Vijayawada Hyderabad Highway,-
4726,Vikas Nagar,-
4727,Vinayaka Nagar,-
4728,Vishnupuri Colony,2500 
4729,Vishwa Karma Colony,-
4730,Vivekanand Nagar,5197.37 
4731,West Balaji Hills Colony Road,3597.88 
4732,Widia Colony,4166.67 
4733,Wipro Campus Road,3875.97 
4734,Yapral Main Road,3500 
4735,Zaheerabad Road,-
4736,Zeba Bagh,-
4737,13 Road Number 2,-
4738,20 Hyderabad Road,-
4739,2359 Old Mig Road,-
4740,2nd Phase Allwyn Colony Allwyn Colony,-
4941,500047 Hyderabad Warangal Highway,-
4942,500055,-
4943,621 BHEL MIG Road,-
4944,6th Phase,-
4945,9th Phase,-
4946,A C Guards,-
4947,A V Nagar,-
4948,A.S. Rao Nagar,-
4949,A.S.R.Raju Nagar,-
4950,aadirampuram,-
4951,Aaditya Nagar,-
4952,Abhudaya Nagar Colony,-
4953,Abhyudaya Nagar,-
4954,Abids Road,-
4955,Achi Reddy Nagar,-
4956,Achyuthpuram,-
4957,Adams Colony,-
4958,Adarsa Nagar,-
4959,Adarsh Naga Colony,-
4960,Adarsh Nagar Colony,-
4963,Adarsha Hills,-
4964,Addaguttala,-
4965,Addakan,-
4966,Adhikari Nagar,-
4967,Adil Shah Colony,-
4968,Aditya Enclave,-
4969,Aditya Hills,-
4970,Aditya Imperial Heights Driveway,-
4971,Advocates Colony,-
4972,Aero Nagar,-
4973,Afzal Nagar,-
4974,AG Colony,-
4976,Agashivnagar,-
4977,Aghapura,-
4978,Agricultural Research Institute Quarters,-
4979,AGRL Colony,-
4980,Ahilya Nagar,-
4981,Ahmad Colony,-
4982,Ahmed Colony Hyderabad,-
4983,Ahmed Nagar,-
4984,Ahmednagar Colony,-
4985,AHS Colony,-
4986,Aishwarya Plaza,-
4987,Ajantha Colony,-
4988,Ajay Nagar,-
4989,Akash Nagar,-
4990,Akbarbagh,-
4991,Akbarpura,-
4992,Akshvani Nagar Colony,-
4993,Al Hamra Colony,-
4994,Al Jubail Colony,-
4995,Alankrita Meadows,-
4996,Alapathi Nagar,-
4997,ALEAP Industrial Area,-
4998,Ali Nagar Road,-
4999,Aliabad,-
5000,Aliabad South,-
5201,Aliabagh,-
5202,Aliperi,-
5203,Alipura,-
5204,Allareddyguda,-
5205,Allisabguda,-
5206,Allwyn Colony Road,-
5207,Almas guda,-
5208,Alugaddabavi,-
5209,Alwal Road,-
5210,Amaravathi Colony,-
5211,Amba Gardens,-
5212,Ambedkar Colony,-
5214,Amberpet Village Hayath Nagar,-
5215,Amdapur,-
5216,Aminpur Road,-
5217,Ammasani Venkatreddy Colony,-
5218,Ampro Colony,-
5219,Amri Classic,-
5220,Amrutha Colony,-
5221,Amrutha Estate,-
5222,Amrutha Valley Driveway,-
5223,Anamangal Kumari Kunta,-
5224,Ananatha Saraswathi Nagar,-
5225,Anand Banjara Colony,-
5226,Anand nagar,-
5227,Anand Nagar Bandlaguda,-
5228,Anand Rao Nagar,-
5229,Ananth Nagar,-
5230,Anasagar,-
5231,Andhra bank colony,-
5232,Andhra Colony,-
5233,Andhra Pradesh Real Estate,-
5234,Anitha Nagar,-
5235,Anjaneya Nagar Hyderabad,-
5236,Anjaneya Nagar Main,-
5237,Anjaneya Nagar Main Road,-
5238,Anjaneyanagar Colony,-
5239,Anjapur,-
5240,Annajiguda,-
5241,Annamayya enclave,-
5242,Annapurna Colony,-
5245,Annapurna Enclave,-
5246,Annapurna Nagar,-
5247,Annojiguda Village,-
5248,Ansurya Complex,-
5249,Anthamaguda,-
5250,Anupama Bazaar,-
5251,Anupama Homes,-
5252,Anupuram Colony,-
5253,Anupurna Complex,-
5254,Anuradha Residency,-
5255,AOF Church Road,-
5256,AP Animal Husbandry Employees Colony,-
5257,AP Housing Board,-
5258,AP State Housing Board,-
5259,AP State Ministers Residential Colony,-
5260,Aparna Senore Valley Villas,-
5461,APIIC Colony,-
5463,APSRTC Officers Colony,-
5464,Apurupa Colony,-
5465,Arafat Colony,-
5466,Aravind Nagar,-
5467,Aravind Nagar Colony,-
5468,Aravindra Nagar,-
5469,Arjun Nagar,-
5470,Arjunreddy Colony,-
5471,Arun Nagar,-
5472,Aruna Colony,-
5473,Arundhati Colony,-
5474,Arunodaya Nagar,-
5475,Arunodaya Nagar Colony,-
5476,AS Rao Nagar Hyderabad,-
5477,Asad Baba Nagar,-
5478,Asbestos Colony Entrance Road,-
5479,Asha Officers Colony,-
5480,Ashok bazar,-
5481,Ashok Nagar Main Road,-
5482,Ashok Vihar Colony,-
5483,Ashoka A La Maison,-
5484,Ashoka Enclave 1,-
5485,Ashwini Heights Road 70,-
5486,Ashwini Layout,-
5488,Asif Nagar Road,-
5489,Asmangadh,-
5490,Asmangadh Road,-
5491,Asmangarh,-
5492,Aspen Complex,-
5493,ASR Brindavan Colony,-
5494,Aswini Colony,-
5495,Atmakur,-
5496,Auronautic Enclave,-
5497,Aurora Colony,-
5498,Avanthi Nagar,-
5499,Avanti Nagar,-
5500,Avenue 4,-
5501,AWHO Colony,-
5502,Ayodhya Nagar,-
5504,Ayodhya Nagar Colony,-
5505,ayodhya villas,-
5506,Ayyappa Society Road,-
5507,Ayyappa Swamy Temple Road,-
5508,Azad Nagar,-
5509,Azampura,-
5511,B a d a Bazar Road,-
5512,B K Guda,-
5513,B K Guda Internal Road,-
5514,B.S.Maktha,-
5515,Baba Chilar Nagar,-
5516,Baba Nagar,-
5519,Baban Basthi,-
5520,Babbuguda Hyderabad,-
5721,Babu Jagjivanram Colony,-
5722,Babukhan Lane,-
5723,Bada Bazar,-
5724,Badesahebguda,-
5725,Badi Chowdi,-
5726,Badichowdi,-
5727,Badnaipet,-
5728,Badruka Enclave,-
5729,Bagh Ameer,-
5730,Bahadurpura West,-
5731,Bairamalguda,-
5732,Bajarang Nagar Colony,-
5733,Bajpayee Nagar,-
5734,Bala Chitra Nagar,-
5736,Balaji Hills,-
5737,Balaji Hills Colony,-
5738,Balaji Nagar,-
5739,Balaji Nagar Colony,-
5740,Balaji Residency,-
5741,BalajiNagar,-
5742,Ballaguda,-
5743,BalReddy Nagar,-
5744,Bandamkommu,-
5745,Bandla Maisamma,-
5746,Bangalore highway,-
5747,Banjara Green Colony,-
5748,Banjara Nagar,-
5749,Banjara Village Colony,-
5750,Bank Colony,-
5755,Bank Street,-
5756,Bansilalpet,-
5757,Banu Nagar,-
5758,Bapu Bagh Colony Road,-
5759,Bapu Nagar,-
5760,BapuNagar,-
5761,Barani Colony,-
5762,Barkas,-
5763,Bashirabad,-
5764,Basti Nabi Kareem,-
5765,Basvangudi,-
5766,Batasingaram Village,-
5767,Battery Line Mohalla,-
5768,Battery Line Road,-
5769,Bayanna Nagar,-
5770,Bazar Ghat,-
5771,BD Colony,-
5772,BDL Colony,-
5774,BDL Colony Road,-
5775,BDL Employe Colony,-
5776,Beerappagadda,-
5777,Begumpet Airport Flyover,-
5778,Begumpet Airport Road,-
5779,Begumpet Flyover,-
5780,Begumpet Railway Station Road,-
5981,BegumpetBrahmanvadi Road,-
5982,Bentoubavdi,-
5983,Bentoubavdi Hyderabad,-
5984,Bentoubavdi Samata Colony,-
5985,Beverly Hills,-
5986,Bhagat Singh Nagar,-
5988,Bhagat Singh Nagar Hyderabad,-
5989,Bhagath Singh Nagar,-
5990,Bhagyalatha Colony,-
5991,Bhagyalaxmi Nagar,-
5993,Bhagyanagar,-
5994,Bhanu Enclave,-
5995,Bhanu Estates,-
5996,Bhanu Township Road,-
5997,Bhanugudi,-
5998,Bharat Heavy Electricals Limited,-
5999,Bharatguda,-
6000,Bhavani Colony,-
6001,BHavani Enclave,-
6002,Bhavani Nagar,-
6006,Bhavani Nagar Colony,-
6007,Bhavanipuram,-
6008,Bhavanipuram Colony,-
6009,Bhavya Tulasi Vanam,-
6010,Bhavyas Tulsi Vanam,-
6011,Bhawani Nagar,-
6012,Bheem Reddy Nagar,-
6013,Bheemaram Village,-
6014,Bheeshma Nagar,-
6015,BHEL Employees Co operative Housing Society,-
6016,BHEL Enclave,-
6017,BHEL National Highway,-
6018,BHEL Vidyut Nagar,-
6019,Bhimana Pally,-
6020,Bhola Nagar,-
6021,Bhramarambika Colony,-
6022,Bhupesh Guptha Colony,-
6023,Bijapur,-
6024,Bikaguda Park,-
6025,Bikshapathi Nagar,-
6026,Binali,-
6027,Birla Temple Road,-
6028,BJP Office Road,-
6029,BJR Nagar,-
6030,BK Kurma Nagar,-
6031,Blooming Meadows,-
6032,BM Nagar,-
6033,BM Nagar Hyderabad,-
6034,BNR Colony,-
6035,Bobbuguda Hyderabad,-
6036,Bodhi Enclave,-
6037,Boduppal Laxmi Nagar,-
6038,Boduppal Lecturers Colony,-
6039,Bogulkunta,-
6040,Bolaram Nagar,-
6241,Bollaram Industrial Area,-
6242,Bollaram Road,-
6243,Bolligudam Road,-
6244,Bonguluru junction,-
6245,Boothpur mandal,-
6247,Boudhanagar,-
6248,Brahmana Pally,-
6249,Brahmanwadi,-
6250,Brahmin Hostel Lane,-
6251,Bramhananda Nagar Colony,-
6252,Brigadier Theograj Colony,-
6253,Brindavan Colony,-
6254,Brindavan Residency,-
6255,Brundavan Colony,-
6257,BSMaktha Somajiguda,-
6258,BSP Colony,-
6259,BSR Colony,-
6260,BT Road,-
6261,Buddha Nagar Colony,-
6262,Buddha Nagar Colony Road,-
6263,Budhanagar,-
6264,Building blocks khohinooriciti,-
6265,Bureddipalle,-
6266,Canara Nagar,-
6267,Capri Towers,-
6268,Castle Hills,-
6269,Caton Residential Township,-
6270,CBI Colony,-
6271,CCMB Colony,-
6272,CEO Enclave,-
6273,Chabra Enclave Road,-
6274,Chaderghat,-
6275,Chaitanya Hills,-
6276,Chaitanya Nagar,-
6277,Chaitanya Vilas Colony,-
6278,Chakripuram,-
6279,Challur village,-
6280,Chamapur,-
6281,Champapet Road,-
6283,Chanda Nagar Colony,-
6284,Chanda Nagar Railway Station Path,-
6285,Chanda Naik Nagar,-
6286,Chandanagar Vidya Nagar Colony,-
6287,Chandra Nagar,-
6288,Chandra Nagar Colony,-
6289,Chandra Shekar Real Estate,-
6290,Chandra Vihar,-
6291,Chandragiri,-
6292,Chandragiri Colony,-
6293,Chandragiri Colony Lal Bahadur Colony,-
6294,Chandrapuri Colony,-
6295,Chandulal Baradari,-
6296,Chappal Bazar Road,-
6297,Chappel Road,-
6298,Char Chaman Colony,-
6299,Chatrinaka,-
6300,Chattan Pally,-
6501,Cheerala,-
6502,Chegunta,-
6503,Chenchu Guda,-
6504,Cherukupalli Colony,-
6505,Cherukupally Pratap Reddy Colony Chinthal,-
6506,Cherukuthota Colony,-
6507,Chetnapuri,-
6509,Chhota Anjaiah Nagar,-
6510,Chikoti Gardens,-
6511,Chilkur Pragati Yenkapalli Road,-
6512,Chilkur Road,-
6513,Chilkuru,-
6514,Chinna Thokatta,-
6515,Chintal Basti,-
6516,Chintalkunta,-
6517,Chintalmet Road,-
6518,Chiragali Lane,-
6519,Chiranjeevi Nagar,-
6520,Chitraseema Nagar,-
6521,Chittamma Nagar,-
6522,Chittamma Nagar Colony,-
6523,Chittoor,-
6524,Christian Colony,-
6525,CIEFL Colony,-
6526,Citizens Colony,-
6527,Cityzen Colony,-
6528,Clock Tower Second Bazaar Area,-
6529,CMC Enclave,-
6530,Coca Cola Road,-
6531,Commercial Tax Colony,-
6532,CPI Colony,-
6533,Creek School Road,-
6534,Csr Real Estate,-
6535,Cyber Enclave,-
6536,Cyber Village,-
6537,Czech Colony Hyderabad,-
6538,D. Shankar Lal Nagar,-
6539,Dabeerpura,-
6540,Dabeerpura North,-
6541,Daira Market Zamistanpur,-
6542,Dairy Farm Road,-
6543,Dandamudi Enclave,-
6544,Dargah Khaleej Khan,-
6545,Dargah Pahad,-
6546,Dasari Narayana Rao Kala Nagar,-
6547,Dattadari Colony,-
6548,Dayanad Nagar Colony,-
6549,Dayanand Nagar,-
6550,Dayara,-
6551,Dee Nagar,-
6552,Deen Dayal Nagar,-
6553,Deepthi Sree Nagar Road,-
6554,Deeptishree Nagar,-
6555,Defence Colony Layout,-
6556,Defence Scientists Co Operative Housing Society,-
6557,Dena Bank Colony,-
6558,Deshmukh Colony,-
6559,Devan Devdi Road,-
6560,Devarayamjal,-
6761,Devender Colony,-
6762,Devender Nagar,-
6763,Devi Bagh,-
6764,Devi Kalyan Estate,-
6765,Devi Kalyan Garden,-
6766,Devi Nagar,-
6768,Devi Nagar Colony,-
6769,Devi Sugna Enclave,-
6770,Dews Ville,-
6771,Dhana Laxmi Nagar,-
6772,Dharam Karan Road,-
6773,Dharma Reddy Colony Phase I,-
6774,Dharma Reddy Colony Phase II,-
6775,Dharma Reddy Colony Phase II Hyderabad,-
6776,DharmaKarma Road,-
6777,Dharmapuri Colony,-
6778,Dhobi Galli,-
6779,Dhobi Ghat,-
6780,Dhobipet,-
6781,Diamond Hill Colony,-
6782,Dichpally Nizamabad,-
6783,Digwal,-
6784,Dilshad Nagar Colony,-
6785,Dinakar Nagar,-
6786,Divya Nagar,-
6787,Divya Sai Garden,-
6788,Divyashakti Appartments,-
6789,DK Enclave,-
6790,DK Road,-
6791,DLF Cyber City,-
6792,DLR Enclave,-
6793,Doctors Colony,-
6795,Doddablapor,-
6796,Domalguda Road,-
6797,Domara Pocham Pally,-
6798,Donga Road,-
6799,Doolapally,-
6800,Dowa,-
6801,Dr.Reddys Enclave,-
6802,DRDL Main Road,-
6803,Dream Valley,-
6804,DSNR,-
6805,Dubai Gate,-
6806,Dubai Gate Bus Stop Road,-
6807,Dubai Gate Lane,-
6808,Dubaka Medak District,-
6809,Dubey Colony,-
6810,Dubey Colony Hyderabad,-
6811,Dulapally Road,-
6812,Durga Bhawani Nagar,-
6813,Durga Nagar,-
6814,Durga Vihar Colony,-
6815,Durgabai Deshmukh Colony,-
6816,Durgamcheru,-
6817,Dwaraka Nagar,-
6820,Dwaraka Tirumala Colony,-
7021,Dwarakamai Nagar,-
7022,Dwarakapuri,-
7023,Dwarka Nagar,-
7024,Dwarkamai Nagar Colony,-
7025,Dwarkapur Colony,-
7026,E.W.S.,-
7027,East Anand Bagh Road,-
7028,East Balaji Hill Colony,-
7029,East City,-
7030,East Kalyanpuri,-
7031,East Maruti Nagar,-
7032,East Nehru Nagar,-
7033,East Nehru Nagar Teachers Colony,-
7034,East Prasanth Nagar,-
7035,East Yadav Nagar,-
7036,Eastend Colony,-
7037,EC Nagar Colony,-
7038,Edi Bazar West,-
7039,Eenadu Colony Hyderabad,-
7040,Eeshwar Villas Road,-
7041,Ektha Colony,-
7042,Emerald Park,-
7043,Engineers Colony Road,-
7044,Eros Garden,-
7045,Erramanzil Colony,-
7046,Erukula Nancharamma Nagar,-
7047,Eshwar Nagar Colony,-
7048,Eshwar Residency,-
7049,Essamiya Bazar,-
7050,Essar Nagar,-
7051,Etebar Chowk Hyderabad,-
7052,Ex Service Men Colony,-
7053,Ex Servicemen Colony,-
7054,Excise Colony,-
7056,Express Highway,-
7057,F o r t Grand Road,-
7058,Fab City,-
7059,Fair Lands,-
7061,Falaknuma Road,-
7062,Falcon Valley,-
7063,Farah Colony,-
7064,Farah Colony Hyderabad,-
7065,Farooq Nagar Mandal,-
7066,Fateh Maidan,-
7067,Fateh Shah Colony,-
7068,Father Balaiah Colony,-
7069,Father Balaiah Nagar,-
7070,Father Baliahnagar Colony,-
7071,Fatima Nagar,-
7072,Fedak Inclave,-
7073,Feroz Gandhi Nagar,-
7074,Ferozguda,-
7075,Filmcity,-
7076,First Lancer Road,-
7077,Flamingo,-
7078,Fortune Enclave,-
7079,Friends Colony Jawahar Colony,-
7080,Friends Colony Sai Nagar,-
7281,G K Colony,-
7282,G K Enclave,-
7283,G.M.Nagar,-
7284,Gachibowli Miyapur Road,-
7285,Gachibowli Road,-
7286,Gaddapotharam,-
7287,Gadwal,-
7288,Gaffar Khan Colony,-
7289,Gagan Mahal,-
7290,Gagan Mahal Domalguda,-
7291,Gagan Mahal Hyderabad,-
7292,Gagan Mahal Road,-
7293,Gaganpahad,-
7294,Gandhamguda,-
7295,Gandhamguda Road,-
7296,Gandhi Nagar Road,-
7297,Gandhi Nagar South Colony,-
7298,Gandhi Nagar South Colony Hyderabad,-
7299,Gandhi Nagar Vijayapuri,-
7300,Gandhi Tata Nagar,-
7301,Gandhinagar Colony,-
7302,Gandigudem,-
7303,Gandinagar Hyderabad,-
7304,Ganesh Nagar,-
7308,Ganga Nagar,-
7309,Gangaputra Nagar,-
7310,Gangaram,-
7311,Gattapally,-
7312,Gayathri Nagar,-
7313,Gayathri Nagar Colony,-
7314,Gayatri Nagar Colony,-
7315,Gayatri Vihar,-
7316,Gaytri Arcade,-
7317,Gazia E Millat Colony,-
7318,Gazibanda,-
7319,GD Matla Village,-
7320,Geetha Nagar,-
7321,Geetha Nagar Colony,-
7322,General Bazar,-
7323,Geological Survey Of India Colony,-
7324,Getwel Pedchet Road,-
7325,Ghanapur,-
7326,Ghatsingapore,-
7327,Ghori Nagar,-
7328,Ghosha Mahal,-
7329,Ghosha Mahal North,-
7330,Ghouse Nagar,-
7331,Ghulam Murtuza Colony,-
7332,Giani Zail Singh Nagar,-
7333,Gillaguda,-
7334,GK Residency,-
7335,Godavari Homes,-
7336,Gokhale Nagar,-
7337,Gokul Nagar,-
7338,Gokul Residency,-
7339,Golconda,-
7340,Golconda Fort Area,-
7541,Golconda Mandal,-
7542,Golden City Colony Road,-
7543,Golden Mile Road,-
7544,Golden Palms,-
7545,Golden Palms Colony,-
7546,Golden Space,-
7547,Golden Tobaco Colony,-
7548,Golden Tulip Estate,-
7549,Golf Pride Homes,-
7550,Golkonda,-
7551,Golla Guda,-
7552,gollepally village,-
7553,Gollepally village shadnagar,-
7554,Golnaka,-
7555,Golnaka Bridge,-
7556,Gopal Colony,-
7557,Gopal Rao Pally,-
7558,Gori Nagar,-
7559,Goshamahal,-
7560,Gouri Shankar Nagar Colony,-
7561,Goutami Enclave,-
7562,Goutham Nagar,-
7563,Gouthami Nagar Colony,-
7564,Gowana Tower,-
7565,Gowlidody,-
7566,Gowliguda,-
7567,Gowlipura,-
7568,GPR Layout,-
7569,GPRA Campus Road,-
7570,GR Reddy Nagar,-
7571,Grampanchayati Layout,-
7572,Grand Meadows,-
7573,Green acres farmlands sale shadnagar,-
7574,Green City Farm Lands,-
7575,Green Hamlet,-
7576,Green Hills Colony,-
7579,Green Hills Road,-
7580,Green Homes Colony,-
7581,Green Lands,-
7582,Green Park,-
7583,Green Park Colony,-
7584,Green Park Enclave,-
7585,Green Town,-
7586,Green Valley,-
7587,Green Villa,-
7588,Greenland Colony,-
7590,Greenrich Avenue,-
7591,Gruhalakshmi Colony,-
7592,GS Nagar,-
7593,Guddi Malkapur Road,-
7594,Gudimalkapur North Road,-
7595,Gulam Aliguda,-
7596,Gullagudam,-
7597,GUlmohar Garden,-
7598,Gulmohar Park Colony,-
7599,Gulshan e Iqbal Colony,-
7600,Gulzar Houz,-
7801,Gun Foundry Street Number 1,-
7802,Gunjivankata Nagasekhar,-
7803,Gunna Sithram Reddy Residency,-
7804,Gunrock,-
7805,Gunti Jangaiah Nagar,-
7806,Gurumurthy Nagar,-
7807,Guttala Begumpet Kavuri Hills,-
7808,Gyan Bagh Colony Goshamahal,-
7809,Gyan Sagar,-
7810,Gyandev Sangam Nagar,-
7811,H P Road,-
7812,Habeeb Colony,-
7813,Habeeb Fatima Nagar Road,-
7814,Habeeb Nagar,-
7815,Hafiz Baba Nagar North,-
7816,Hafiz Baba Nagar South,-
7817,Hafiz Jalal Baba Nagar,-
7818,Hafizpet Road,-
7819,Hakeemabad Colony,-
7820,Hakimpet Air Force Station,-
7821,Hakimpet Road,-
7822,Hakimpet Village Colony,-
7823,Hanamkonda,-
7824,Hangi,-
7825,Hanmanjee Colony,-
7826,Hanuman Nagar Colony,-
7828,Hanuman Nagar Garden II,-
7829,Hanuman Nagar Shirdi Sai Nagar,-
7830,Hanuman Tekdi,-
7831,Hanumanpet,-
7832,Hanumanth Nagar,-
7833,Hanumasai Nagar,-
7834,Hari Bowli,-
7835,Hari Hara Puram,-
7836,Hari Nagar,-
7837,Hari Puri Colony,-
7838,Haripuri Colony,-
7839,Harivihar Colony Road,-
7840,Harivillu Apts Radha Nagar,-
7841,Harshaguda inactive,-
7842,Hashamabad,-
7843,Hashim Nagar,-
7844,Hasmathpet,-
7845,Hasmatpet,-
7846,Hasnabad,-
7847,Hasthinapuram,-
7848,Hasthinapuram South,-
7849,Hastinapuram Colony,-
7850,Hastinapuri Colony,-
7851,Hathiguda,-
7852,HB Colony Main Road,-
7853,HCL Nagar,-
7854,Hemajipur,-
7855,Hi Rise Colony,-
7856,High Court Colony,-
7857,High Court Colony Road,-
7858,High Tension Line Road,-
7859,Highway Road,-
7860,Hill County,-
8061,Hill County Phase 1,-
8062,Hill Fort 2nd Street,-
8063,Hill Fort Road,-
8064,Hill Top Colony,-
8065,Hillsort,-
8066,Himayathsagar,-
8067,Himayatnagar,-
8068,Hindi Nagar,-
8069,Hira Moti Complex,-
8070,Hitech City Main Road,-
8071,Hmbs Colony,-
8072,HMT Hills,-
8073,HMT Nagar,-
8074,HMT Road,-
8075,HMT Swarnapuri Colony,-
8076,HMT Swarnapuri Colony Hyderabad,-
8077,Hosnabad Colony,-
8078,Hosur,-
8079,HUDA,-
8080,Huda Complex,-
8081,HUDA Complex,-
8082,HUDA Enclave,-
8083,Huda Sai Nagar Colony,-
8084,Hussain Nagar,-
8085,Hutpalle,-
8086,Hyd Banglore Highway,-
8087,HYD Bombay Highway,-
8088,Hyderabad Asbestos Staff Colony,-
8089,Hyderabad Bodhan,-
8090,Hyderabad Central University Road,-
8091,Hyderabad Guntur Road,-
8092,Hyderabad Hanamkonda Road,-
8093,Hyderabad Janagam Highway,-
8094,Hyderabad Karimnagar Highway,-
8095,Hyderabad Mancherial Highway,-
8096,Hyderabad Metropolitan Area,-
8097,Hyderabad Nagarjuna Sagar Road,-
8098,Hyderabad Sattenapalli Link Road,-
8099,Hyderabad Shankarpalli Road,-
8100,HydergudaBasheerbagh Road,-
8101,Hydersha Court,-
8102,Hydershakote Hyderabad,-
8103,Hyper Market,-
8104,IAS Colony,-
8105,IAS Officers Quaters,-
8106,Ibrahim Bagh,-
8107,ibrahimpatnum 20 km,-
8108,Icon Hospital Road,-
8109,ICRISAT,-
8111,ICRISAT Enclave,-
8112,Ida Bontapally,-
8113,IDA Uppal,-
8114,IDPl Employees Colony,-
8115,IDPL Staff Cooperative Housing Society,-
8116,IICT Colony,-
8117,IICT Road Number 4,-
8118,Image Gardens Road,-
8119,Imlibun,-
8120,Inderbagh,-
8321,Indian Airlines Colony,-
8322,Indian Immunologicals Colony,-
8323,Indira Hills,-
8324,Indira Karan,-
8325,Indira Nagar Colony,-
8326,Indiranagar Basti,-
8327,Indra Nagar,-
8328,Indra Reddy Alwyn Colony,-
8329,Indra Reddy Nagar,-
8330,Indraprasth Colony,-
8331,Indraprasth Colony Hyderabad,-
8332,Indraprastha Colony,-
8333,Indraprastha Township,-
8334,Industrial Area,-
8335,Industrial Development Area,-
8337,Inner Ring Road,-
8338,Inorbit Mall,-
8339,Insurance Colony,-
8340,IPM Blood Bank Colony,-
8341,Ishaq Colony,-
8342,Ishwar Puri,-
8343,Ismail Nagar,-
8344,IT Park,-
8345,ITW Signode Colony,-
8346,Izzat Nagar,-
8347,J D Colony,-
8348,J K Nagar,-
8349,J.J. Nagar,-
8350,Jaffar Ali Bagh,-
8351,Jagadamba Nagar,-
8352,Jagadgiri Kukatpally Cross Road,-
8353,Jagathgiri Gutta,-
8354,Jahangir Nagar,-
8355,Jahangirabad,-
8356,Jai Jawahar Nagar,-
8357,Jaihind Nagar Colony,-
8358,Jaipuri Colony Ajay Nagar,-
8359,Jal Vayu Vihar,-
8360,Jali Hanuman Temple Road,-
8361,Jamal Colony,-
8362,jami usmania,-
8363,Jamini Colony,-
8364,Jamuna Tirth,-
8365,Janahvi Chitra Residency,-
8366,Janakapuri,-
8367,Janaki Nagar Colony,-
8368,Janapriya Bunglow,-
8369,Janapriya Homes,-
8370,Janapriya Nagar,-
8371,Janapriya Nagar Street,-
8372,Janapriya Nile Valley,-
8373,Janapriya Street,-
8374,Janawada,-
8375,Janpriya Colony,-
8376,Janpriya Sauda Complex,-
8377,Jawahar Colony,-
8378,Jawahar Colony Jubilee Hills,-
8379,Jawaharlal Nehru Technological University,-
8380,Jaya Deepika Estates Colony,-
8581,Jaya Prakash Narayan Nagar,-
8582,Jaya Puri Colony,-
8583,Jayabheri Enclave,-
8584,Jayalaxmi Nagar,-
8585,Jayalaxmi Nagar Beeramguda,-
8586,Jayanagar Colony,-
8588,Jayaprakash Nagar,-
8589,Jayapuri Colony,-
8590,Jayatgiri,-
8591,JB Colony,-
8592,Jeedimetla Ph 4,-
8593,Jinsi Bazar,-
8594,JJ Nagar,-
8595,JLNS Nagar,-
8596,JNNURM Colony,-
8597,Jodimetla,-
8598,Jogipet,-
8599,Journalists Colony Phase 3,-
8600,Journalists Colony Phase 3 Hyderabad,-
8601,JP Enclave,-
8602,Jubilee Enclave,-
8603,jubille enclave,-
8604,Jubille Hills Road,-
8605,Judges Colony Rd,-
8606,Jupiter Colony,-
8607,JV Colony,-
8608,Jyothi Nagar,-
8609,Jyothi Nagar Colony,-
8610,K L Reddy Nagar,-
8611,K P H B 4 Phase,-
8612,K P H B 6th Phase Road,-
8613,K P H B 7th Phase Road,-
8614,K P H B 9 Phase,-
8615,K P H B Phase 3,-
8616,K P H B Phase 4,-
8617,K P H B Phase 5,-
8618,K P H B Phase 6,-
8619,K P H B Phase 7,-
8620,K P H B VI Phase,-
8621,Kachiguda Kachiguda Hyderaba,-
8622,Kahjaramguda,-
8623,Kailash Nagar,-
8624,Kaithalapur Sevalal Nagar,-
8625,Kakaguda,-
8626,Kakateeya Hills Road 2,-
8627,Kakateeya Hills Road 8,-
8628,Kakateeya Nagar,-
8629,Kakatiya Colony Bhagya Nagar,-
8630,Kakatiya Hills,-
8631,Kakatiya Hills Hyderabad,-
8632,Kakatiya Hills Road Number 1,-
8633,Kakatiya Hills Road Number 6,-
8634,Kakinada,-
8635,Kala Dera,-
8636,Kalabgoor,-
8637,Kalapather,-
8638,Kalapuram Basti,-
8639,Kalasiguda,-
8640,Kalwan Bharti Enclave,-
8841,Kalyan Gardens,-
8842,Kalyan Nagar Phase 1,-
8843,Kalyan Nagar Phase 1 Hyderabad,-
8844,Kalyan Nagar Phase 3 Road,-
8845,Kalyanguda,-
8846,Kalyanpuri,-
8847,Kamala Nagar,-
8848,Kamala Nagar Colony,-
8849,Kamala Nehru Nagar,-
8850,Kamalalaya Enclave,-
8851,Kamalapuri Colony,-
8852,Kamlapuri Colony,-
8853,Kamman X Road,-
8854,Kanaka Durga Colony,-
8855,Kanchi Gachibowli Road,-
8856,Kanchi Residency,-
8857,Kandikal Gate Road,-
8858,Kandri Gutta,-
8859,Kangara Village,-
8860,Kantha Reddy Nagar,-
8861,Kanti Nagar,-
8862,Kantinagar Colony,-
8863,Kanukunta Hyderabad,-
8864,Kapila Nagar Colony,-
8865,Kapuwada,-
8866,Karbala Maidan,-
8867,Karimabad Cooperative Society,-
8868,Karimnagar District Huzurabad,-
8869,Karmika Nagar,-
8870,Karol Bagh B Society,-
8871,Karol Bagh Colony,-
8872,Karthikeya,-
8873,Karthikeya Nagar,-
8874,Karthikeya Nagar Main Road,-
8875,Kartik Enclave New Bowenpally,-
8876,Kartikeya Nagar,-
8877,Katangur,-
8878,Kattedan Road,-
8879,Kattel Mandi,-
8880,Kavadiguda Road,-
8881,Kavadipally,-
8882,Kaveri Nagar Sai Nagar,-
8883,Kavuri Hills Phase 1,-
8884,Kavuri Hills Phase 1 Hyderabad,-
8885,Kavuri Hills Phase 2 Road,-
8886,Kavvadipally,-
8887,Kawakuty Mandal,-
8888,Kaziguda,-
8889,Kazipally,-
8890,KBR Colony,-
8891,KBR Nagar,-
8892,Keemti Colony Gokul Nagar,-
8893,Keesara Hyderabad,-
8894,Kennedy School Road,-
8895,Keshav Nagar Colony,-
8896,Keshava Nagar,-
8898,Keshavnagar,-
8899,Khabirabad,-
8900,Khader Bagh,-
9101,Khader Bagh Karol Bagh B Society,-
9102,Khaderbagh Karol Bagh B Society,-
9103,Khaitlapur Road,-
9104,Khaja Pahadi,-
9105,Khanapur,-
9106,Kharnaka,-
9107,Khayyam Nagar,-
9108,Khazaguda,-
9109,Khilwath Road,-
9110,Khudbulapur,-
9111,Kings Colony,-
9112,Kiran International School Road,-
9113,Kishan Guda,-
9114,Kishanbag,-
9115,Kishanbagh,-
9116,KISHTRAMARAM VILLAGE,-
9117,Kisnapur,-
9118,KK Nagar Colony,-
9119,KMR Estates,-
9120,Kodandaram Nagar,-
9121,Kodikonda,-
9122,Koh E Sar Colony,-
9123,Kohlapur,-
9124,Kokapet Sez Main Road,-
9125,Kolan Shiva Reddy Nagar,-
9126,Kollapudi Street,-
9127,Komaram Bheem Colony,-
9128,Konda Nagar,-
9129,Kondapur Civil Hospital,-
9130,Kondapur Main,-
9131,Kondapur RTA Office,-
9132,Koramangala,-
9133,Korremula Road,-
9134,Kothapally,-
9135,Kothapet RK Puram,-
9136,Kothapet Village,-
9137,Kothrud,-
9138,Kotla Alijah,-
9139,KPHB 15 Phase,-
9140,KPHB VIII Phase,-
9141,Kranthi Nagar,-
9142,Kranthi Nagar Colony,-
9143,Kripa Complex,-
9144,Krishi Nagar,-
9145,Krishna Devaraya Nagar,-
9146,Krishna District,-
9147,Krishna Giri Enclave,-
9148,Krishna Nagar Main Road,-
9149,Krishna Reddy Nagar,-
9150,Krishnaja Hills,-
9151,Krishnapuram Colony,-
9152,Krishnapuri,-
9153,Kruparam Bagh,-
9154,Krushi Nagar,-
9156,Krushi Nagar Street,-
9157,Krushi Residency,-
9158,KTR Colony Road Number 5,-
9159,Kukatpally Bagh Ameer,-
9160,Kukatpally Eenadu Colony,-
9361,Kukatpally Housing Board Colony,-
9362,Kukatpally Industrial Estate,-
9363,Kukatpally Saptagiri Colony,-
9364,Kukatpally Village Ranga Reddy,-
9365,Kulvancha,-
9366,Kumhar Wadi,-
9367,Kummari Kunta,-
9368,Kummu Gutta,-
9369,Kundan Bagh Road,-
9370,Kundan Nagar Colony,-
9371,Kundanbagh Colony,-
9372,Kundli,-
9373,Kuntloor Road,-
9374,Kurnool,-
9375,Kutbi Guda,-
9376,Kyettaian Gouda Nilayam,-
9377,L B main road,-
9378,Lad Bazar Char Kaman,-
9379,Lahari Green Park Road,-
9380,Lahari Green Park Road Number 2,-
9381,Lakadwala Colony,-
9382,Lake Road,-
9383,Lake View Enclave,-
9384,Lake Ville Extension,-
9385,Lakshmi N Nagar,-
9386,Lakshmi Nagar,-
9387,Lakshmi Nagar Colony,-
9391,Lakshmi Narasimha Colony,-
9392,Lakshmi Narasimha Nagar Krishna Nagar,-
9393,Lakshmi Vihar Phase 1,-
9394,Lakshmipuri Colony,-
9395,Lakudaram,-
9396,Lal Bahadur Nagar Colony,-
9397,Lal Bazaar,-
9398,Lalamma Gardens,-
9399,Lalapet Flyover,-
9400,Lalapet Vinobha Nagar,-
9401,lalbazar Street,-
9402,Lalitha Nagar,-
9403,Lallaguda,-
9404,Lallaguda Railway Colony,-
9405,Laluma Garden,-
9406,Lanco Hills,-
9407,Lanco Hills Road,-
9408,Land Mark Residency,-
9409,Langar House,-
9410,Langerguda,-
9411,Lata Enclave,-
9412,Laxmi Arcade,-
9413,Laxmi Cyber City,-
9414,Laxmi Ganapathi Housing Welfare Society,-
9415,Laxmi Nagar,-
9418,Laxmi Nagar Colony,-
9419,Laxmi Nagar Phase II,-
9420,Laxmi Narashima Puram Colony,-
9621,Laxmi Narsimha Colony,-
9622,Laxmi Starch Colony,-
9623,Laxmi Vihar Phase 1,-
9624,Laxmipuri,-
9625,LB Nagar Road,-
9626,LB Nagar Sathavahana Nagar,-
9627,Lecturers Colony,-
9629,Legend,-
9630,Lenin Nagar,-
9631,Libera Enclave,-
9632,LIC Colony,-
9633,LIC Colony Community Centre,-
9634,LIC Nagar Colony,-
9635,LIG,-
9636,LIG Colony Road,-
9637,LIG Road,-
9638,Lingoji Guda,-
9639,Lingojiguda Hyderabad,-
9640,Link Rd 1011,-
9641,Lives Park,-
9642,LNR Colony,-
9643,Lotus Pond Road,-
9644,Lower Tank Bund,-
9645,Lumbini Avenue,-
9646,Lumbini Classic Apartment,-
9647,Lungarhouz,-
9648,LV Prasad Marg,-
9649,M G Road,-
9650,M J Colony,-
9651,M R Palle,-
9652,Maa Residency,-
9653,Maa Santoshi Colony,-
9654,MAA Villas Road,-
9655,Maathaji Nagar,-
9656,Machabolaram,-
9657,Machabollaram,-
9658,Machepalle,-
9659,Mada Manzil,-
9660,Madanna Gudem,-
9661,Madannapet,-
9662,Madhapur Road,-
9663,Madhav Nagar,-
9664,Madhava Nagar,-
9665,Madhava Nagar Colony,-
9666,Madhava Nagar Colony Hyderabad,-
9667,Madhava Reddy Colony,-
9668,Madhavahills,-
9669,Madhavaram Colony,-
9670,Madhavi Estate,-
9671,Madhavi Nagar Kukatpally,-
9672,Madhu Enclave,-
9673,Madhu Park Ridge,-
9674,Madhuban Colony,-
9675,Madhunagar,-
9676,Madhura Nagar Colony,-
9678,Madhura Puri,-
9679,Madhurapuri Colony,-
9680,Madhuri Nagar,-
9881,Madhwanagar,-
9882,Madura,-
9883,Mahalneknapur,-
9884,Maharaj Gunj,-
9885,Maharaja Colony Road,-
9886,Mahatma Gandhi Colony,-
9887,Mahatma Gandhi Nagar,-
9888,Mahesh Nagar,-
9890,Mahesh Nagar Colony,-
9891,Maheshwari Nagar Lane,-
9892,Mahindra Hills Road,-
9893,Mailardevpalli,-
9894,Maisamma Gudem,-
9895,Maithri Vanam,-
9896,Maitri Enclave,-
9897,Majarguda,-
9898,Majidpur,-
9899,Makid,-
9900,Maktha,-
9901,Makthal Wadi,-
9902,Malakpet Extension,-
9903,Malakunta,-
9904,Malani Colony,-
9905,Malani Colony Internal Road,-
9906,Malaysian Township KPHB 5th Phase,-
9907,Malikaarjuna Colony,-
9908,Malkajgiri Hyderabad,-
9909,Malkapuram,-
9910,Malkaram,-
9911,Malkaram Village,-
9912,Malla Reddy Colony,-
9914,Malla Reddy Nagar,-
9915,Mallika Arjun Nagar,-
9916,Mallikarjun Hills,-
9918,Mamatha Nagar Colony,-
9919,Mamidipally Shamshabad Road,-
9920,Manasarovar Heights Road,-
9921,Manchirevula Village,-
9922,Mandaipalle,-
9923,Mandal,-
9924,Mandimelaram,-
9925,Mangapuram,-
9926,Mangwada Basti,-
9927,Manik Nagar,-
9928,Manikonda Panchavati Colony,-
9929,Manikonda Post Office Road,-
9930,Manikya Nagar,-
9931,Manikyamma Colony,-
9932,Maninagar,-
9933,Manith Ji Nagar Colony,-
9934,Manjira Nagar Colony,-
9935,Mankal Village,-
9936,Mannava Enclave,-
9937,Manoharabad,-
9938,Manovikas Nagar,-
9939,Mansani Estate,-
9940,Mansoorabad Road,-
10141,Mansurabad Reserved Forest,-
10142,Mantosh Residency,-
10143,Maqtha Kousarali,-
10144,Margadarshi Colony,-
10145,Marredpally,-
10146,Marri Narayana Reddy Nagar,-
10147,Maruthi Hills Road,-
10148,Maruthi Nagar,-
10149,Maruthi Nagar Colony Hyderabad,-
10150,Maruthi Nagar Road,-
10151,Maruthi Veedhi,-
10152,Masab Tank Road,-
10153,Masjid Banda Main,-
10154,Masjid e Bilal Road,-
10155,Masthan Nagar,-
10156,Matha Nagar,-
10157,May Flower Hights,-
10158,Maytas Hill County,-
10159,Maytri Kuteer,-
10160,Mayuri Marg,-
10161,MBD Complex,-
10162,MCA Colony,-
10163,MCH Colony,-
10164,MD Colony,-
10165,MD Lines Road,-
10166,Medak Hyderabad Road,-
10167,Medak Road,-
10168,Medchal Gram Panchayat Rangar,-
10169,Medchal Road,-
10170,Medipally Canara Nagar,-
10171,Medpalli,-
10172,Meenakshi Estate,-
10173,Meenakshi Estates Pipeline Road,-
10174,Meenakshi Nagar,-
10175,Mega Residency,-
10176,Megha Hills,-
10177,Meharababa Colony,-
10178,Mehdi Colony,-
10179,Mehdi Jung Colony,-
10180,Mehdipatnam Ring Road,-
10181,Mehdipatnam SBI Colony,-
10182,Mehendipatnam,-
10183,Mekala Laxma Reddy Colony,-
10184,Mepla,-
10185,Meraj Street,-
10186,MES Colony,-
10187,metro city Adibatala,-
10188,Metro Mall,-
10189,Mettakanigudem,-
10190,Midjil,-
10191,MIG 1,-
10192,MIG Phase 2 Colony,-
10193,MIG Phase II BHEL Township,-
10194,Migh Colony,-
10195,Milan Colony,-
10196,Millenium Residency,-
10197,Minar Colony MD Lines,-
10198,Minerva Complex,-
10199,Mini Jankinagar Road,-
10200,Ministers Colony,-
10401,Ministers Colony Anand Banjara Colony,-
10402,Ministers Colony Hyderabad,-
10403,Mint Township,-
10404,Mir Alam Tank Hyderabad,-
10405,Mirjalguda,-
10406,Miryalaguda,-
10407,Misri Gunj Road,-
10408,Mithila Nagar,-
10409,MiyapurNizampet Road,-
10410,Mizaguda,-
10411,MLA Colony,-
10412,MLAs Colony,-
10413,MLR Colony,-
10415,MLR Colony Hyderabad,-
10416,MMR Garden Road,-
10417,MMTS Railway Station,-
10418,MN Reddy Nagar,-
10419,Model Colony,-
10420,Model Town Colony,-
10421,Modi Nagar,-
10422,Moghalpura,-
10423,Moghuls Colony,-
10424,Mohammadi Colony,-
10425,Mohammed Nagar Hyderabad,-
10426,Mohan Nagar Road Number 1,-
10427,Moin Bagh,-
10428,Molkur Road,-
10429,Mominpet,-
10430,Monda Market,-
10431,Moosapet Anjaneya Nagar,-
10432,moosrambagh,-
10433,Mothi Market,-
10434,Mothi Nagar Vengal Rao Nagar,-
10435,Mothkur road,-
10436,Moti Darwaza Road,-
10437,Motilal Nehru Nagar,-
10438,Moula Ali Hill,-
10439,Mouryas Ranga Prasad Avenue,-
10440,Mozampura,-
10441,MP And MLAs Colony,-
10442,MR Residency,-
10443,MS Maqta,-
10444,Mudhole,-
10445,Mudimuyal,-
10446,Mughal Colony,-
10447,Muktaguda,-
10448,Muktandi,-
10449,Munaganoor,-
10450,Muppas Panchavati Colony,-
10451,Muppas Panchavati Colony Hyderabad,-
10452,Muraharipally,-
10453,muraripalli,-
10454,Musheerabad Zamistanpur,-
10455,Mushk Mahal,-
10456,Mustabad,-
10457,Mustadaipura,-
10458,Mustafa Hills,-
10459,Mustafa Nagar,-
10460,Muthuswamy Colony,-
10661,Muzaffar Ahmad Nagar,-
10662,Mvtri Nagar Phase 3,-
10663,Mylargadda,-
10664,Mythri Nagar,-
10665,Nabil Colony,-
10666,Nacharam Mandal,-
10667,Nadeem Colony Hans Nagar Colony,-
10668,Nagaarjun COlony,-
10669,Nagarguda,-
10670,Nagarguda Shamshabad Road,-
10671,Nagarjuna,-
10672,Nagarjuna Enclave,-
10673,Nagarjuna Hills,-
10674,Nagarjuna Homes,-
10675,Nagarjuna Nagar,-
10677,Nagarjuna Sagar Road,-
10678,Nagendra Nagar,-
10679,Nagole Jaipur Colony Main Road,-
10680,Nagole Road,-
10681,Nagolu Enclave,-
10682,Nagore,-
10683,Nagpur Highway,-
10684,Nagulapalli,-
10685,Naidu Colony,-
10686,Naidu Complex,-
10687,Najamnagar,-
10688,Nalanda Nagar Srimallenagar Colony,-
10689,Nallagandla Tellapur Road,-
10690,Nallagutta,-
10691,Namala Gundu,-
10692,Nanak Nagar,-
10693,Nanakramguda Village,-
10694,Nanal Nagar,-
10695,Nanda Nagar,-
10696,Nandi Musalai Guda,-
10697,Nandi Nagar,-
10698,Nandyal Kurnool,-
10699,Narasimha Colony,-
10700,Narayn Reddy Nagar,-
10701,Narendra Nagar Colony,-
10702,Narendra Nagar Colony Hyderabad,-
10703,Narkedpally,-
10704,Narne Estates,-
10705,Narsa Reddy Colony,-
10706,Narsimha Puri Colony,-
10707,Naseeb Nagar,-
10708,Nataraj Nagar,-
10709,National Highway 163,-
10710,Nature Cure Hospital Road,-
10711,Navanirman Nagar,-
10712,Naveen Nagar,-
10713,Navodaya Colony,-
10714,Navodaya Nagar,-
10715,Navya Nagar Colony Road,-
10716,NBT Nagar,-
10717,NCB Enclave,-
10718,NCL Enclave South,-
10719,Near Loyola Academy,-
10720,Near Nanopark,-
10921,Near Paradise hotel,-
10922,Near Pragathi Resort,-
10923,Near Sangeet Theatre,-
10924,Near SBH,-
10925,Near St Anns,-
10926,Necklace Road,-
10927,Nednor Road,-
10928,Nedunuruvill,-
10929,Neeraja Colony Main Road,-
10930,Neredmet X Road,-
10931,Netaji Nagar Colony,-
10932,New Akbar Colony,-
10933,New Allapur,-
10935,New Balaji Nagar,-
10936,New Boiguda,-
10937,New Dilshukh Nagar,-
10938,New Friends Colony,-
10939,New Friends Colony 2 Upparpally,-
10940,New Gaddiannaram Colony,-
10941,New Gayatri Nagar,-
10942,New Kranthi Nagar,-
10943,New MIG Road,-
10944,New Mirjalguda,-
10945,New MLA Quarters,-
10946,New Nagole Colony Snehapuri Colony,-
10947,New Nagole Main Road,-
10948,New Raghavendra Nagar,-
10949,New Sai Nagar Colony,-
10950,New Santoshnagar,-
10951,New Sastri Nagar,-
10952,New Sayeedabad Colony,-
10953,New SBH Colony,-
10954,New Shamsheer Gunj Road,-
10955,New Shastry Nagar,-
10956,New Town Colony,-
10957,New Vasavi Nagar,-
10958,NFC Colony,-
10959,NGOs Colony Road,-
10960,NH 7,-
10961,NH 9,-
10962,NH163,-
10963,NH65,-
10964,Nimboli Adda,-
10965,Nimboliadda,-
10966,NIN Colony,-
10967,Nirmal Nagar,-
10968,Nishat Bagh Colony,-
10969,Nivas Nagar,-
10970,Nizam Colony,-
10971,Nizamabad Hyderabad Road,-
10972,Nizampet Balaji Nagar,-
10973,Nizampet Srinivasa Nagar Colony,-
10974,NM Guda,-
10975,NMDC Colony,-
10976,no 4,-
10977,Noor Khan Bazar Road,-
10978,Noori Nagar,-
10979,Noorkhan Bazaar,-
10980,North Bund Road,-
11181,North Kamala Nagar,-
11182,Nr Hotel Viceroy,-
11183,NRI Srinivas Colony,-
11184,NRR Puram,-
11185,NSL Colony,-
11186,NTR Nagar,-
11188,Officers Colony,-
11189,Old Bhoiguda,-
11190,Old Mallepally,-
11191,Old MLA Quarters,-
11192,Old MLA Quarters Road,-
11193,Old Police Station Road,-
11194,Old Post Office Road,-
11195,Old Sai Chandra Colony,-
11196,Om Nagar,-
11197,Om Vihar Colony,-
11198,Omer Colony,-
11199,Omer Colony Hyderabad,-
11200,Ootpally Hyderabad,-
11201,Opp Airport Road,-
11202,Opp Shalimar Theatre,-
11203,Ordnance Road,-
11204,Osman Bagh,-
11205,Osman Ganj,-
11206,Osman Nagar Rd,-
11207,Osman Sagar Road,-
11208,OU Colony,-
11209,Outer ring road,-
11210,Overseas Gardens,-
11211,Owaisi Colony,-
11212,Owaisi colony MD Lines,-
11213,Owaisi Pura,-
11214,P & T Officers Colony,-
11215,P Janardhan Reddy Nagar,-
11216,P R Nagar,-
11217,P T Officers Colony Road,-
11218,P.S.Rao Nagar Phase II,-
11219,Padala Ramareddy Colony,-
11220,Padampuri,-
11221,Padma Nagar Ring Road,-
11222,Padmanabha Nagar,-
11223,Padmanayar,-
11224,Padmasri Estates,-
11225,Padmavathi Colony,-
11226,Padmavathi Nagar,-
11227,Padmavati Nagar,-
11228,Pahadi Shareef Road,-
11229,Paigah Colony,-
11230,Pallecheru,-
11231,Panchasheel Enclave,-
11232,Panchavati Colony,-
11233,Panchavati Colony Road,-
11234,Panchavati Complex,-
11235,Panchavati Layout,-
11236,Panchayat,-
11237,Panchayath Raj Colony,-
11238,Panchayatiraj Teachers Colony,-
11239,Panchsheel Enclave,-
11240,Panduranga Nagar Hyderabad,-
11441,Panjashajamal Bowli,-
11442,Paolavaram,-
11443,Paraballa,-
11444,Parama Reddy Hills,-
11445,Paramount Colony Hyderabad,-
11446,Paramount Hills,-
11447,Paramount Hills Hyderabad,-
11448,Parasi Gutta,-
11449,Pardiwada,-
11450,Pargi,-
11451,Parimala Nagar,-
11452,Parisrama Nagar,-
11453,Park Lane,-
11454,Park Road,-
11455,Park View Enclave,-
11456,Parklane,-
11457,Parkview Enclave,-
11458,Parsigutta Warasiguda,-
11459,Parvat Nagar,-
11460,Parvath Nagar,-
11461,Parvath Nagar Hyderabad,-
11462,Parvathapur,-
11463,Parvathapuram,-
11464,Parvathapuram Hyderabad,-
11465,Parvathi Nagar,-
11467,Parveda,-
11468,Pashambanda,-
11469,Pasmamla,-
11470,Pasmurlul,-
11471,Patel Nagar,-
11473,Patel Nagar Bandlaguda,-
11474,Patelguda,-
11475,Patrika Nagar Road Number 3,-
11476,Peda Kaparathi,-
11477,Pedakakani,-
11478,Pedda Kamala,-
11479,Peddakamalalamia,-
11480,Peddamangalaram,-
11481,Pedso 1,-
11482,Pedso 2,-
11483,Peelambarpet,-
11484,Penta Reddy Colony,-
11485,Pet Bashirabad,-
11486,Petla Burj,-
11487,PG Road,-
11488,Phanigiri Colony,-
11489,Phanigiri Colony Road,-
11490,Phase 1,-
11493,Phase 2,-
11495,Phase 3,-
11496,Phase 5 K P H B,-
11497,Phase I,-
11499,Phase III,-
11500,Phase1,-
11701,Phisalbanda Banda,-
11702,Phool Bagh,-
11703,Phool Bagh Colony,-
11704,Pindi Narayana Reddy Colony,-
11705,Pindi Narayana Reddy Nagar,-
11706,Pipe Line Road,-
11707,Pittam Palle,-
11708,PJR Enclave,-
11709,PJR Layout Miyapur,-
11710,PJR Nagar,-
11711,PJR Stadium Lane,-
11712,Pochamma Basthi,-
11713,Pochhama Basti,-
11714,Pokkalwada,-
11715,Polakampally,-
11716,Police Colony,-
11718,Police Quarters,-
11719,Police Quarters Colony,-
11720,Police Quaters,-
11721,pollepally SEZ,-
11722,Post Office Lane,-
11723,Pothgal,-
11724,Potti Sriramulu Nagar,-
11725,Power Welfare Society,-
11726,Prabhat Nagar Colony,-
11727,Pradham Puri Colony,-
11728,Pradhamapuri Colony,-
11729,Praga Tools Colony,-
11730,Pragathi Colony,-
11731,Pragathi Colony Mailardevpally,-
11732,Pragati Resorts,-
11733,Prajay City,-
11734,Prakasham Panthulu Nagar,-
11735,Prakruthik Vihar,-
11736,Pramila Enclave,-
11737,Pranaam Hospital Lane,-
11738,Praneeth Colony,-
11739,Praneeth Colony Hyderabad,-
11740,Praneeth Pravav Homes,-
11741,Prasanth Nagar,-
11743,Prasanthi Golden Hills And Avenue,-
11744,Prasanthi Nagar,-
11745,Prasantnagar,-
11746,Prasasan Nagar,-
11747,Prashant Nagar Colony,-
11748,Prashanth Colony,-
11749,Prashanth Nagar,-
11750,Prashanth Nagar Colony,-
11751,Prashanthinagar,-
11752,Prashanti Nagar,-
11754,Prashasan Nagar,-
11755,Prasuna Nagar,-
11756,Pratap Nagar,-
11757,Pratap Reddy Nagar,-
11758,Pravat Nagar,-
11759,Prem Nagar Amberpet,-
11760,Prem Sagar Enclave,-
11961,Premavathi Pet,-
11962,Priya Colony,-
11963,Professor Elyas Burney Road,-
11964,Public Gardens,-
11965,Punjagutta Flyover,-
11966,Punjagutta Market,-
11967,Punjagutta Officers Colony,-
11968,Puranapool,-
11969,Purani Haveli,-
11970,Pusapet,-
11971,Puttaparthy,-
11972,Puttulaguda,-
11973,Qadar Bagh Road,-
11974,Qazipura,-
11975,Quadri Bagh,-
11976,Quba Colony,-
11977,Qutubullapur,-
11978,R B Nagar,-
11979,R C Puram,-
11980,R K Nagar Ananthapur District,-
11981,R K Puram,-
11982,R o a d Number 3rd,-
11983,R R Nagar Road,-
11984,R T C Colony,-
11985,R T C Colony Medchal,-
11986,Radha Krishna Nagar,-
11987,Radha Nagar,-
11988,Radha Swamy Colony,-
11989,Radhika Colony,-
11990,Radio Colony,-
11991,Ragala Enclave,-
11992,Ragannaguda Colony Road,-
11993,Raghavendra Colony Main,-
11994,Raghavendra Nagar,-
11996,Raghavendra Nagar Colony,-
11998,Raghuram Nagar Colony,-
11999,Raghvendra Nagar,-
12000,Rahat Nagar,-
12001,Rahimpura,-
12002,Rahmat Nagar,-
12003,Rahmath Nagar Hyderabad,-
12004,Rai Durg,-
12005,Rail Vihar,-
12006,Railway Employees Colony,-
12007,Railway Employees Colony Phase I,-
12008,Railway Officer Colony Secunderabad,-
12009,Railway Station Road,-
12010,Raipole,-
12011,Raj Laxmi Colony,-
12012,Raja Manohar Colony,-
12013,Raja Nagar,-
12014,Raja Rajeshwari Nagar Road,-
12015,Raja Rajeswari Nagar,-
12016,Rajalingam Colony,-
12017,Rajamohallah,-
12018,Rajamohallah King Koti,-
12019,RAJANAGARAM,-
12020,Rajapet Road,-
12221,Rajarajeshwari Nagar,-
12222,rajarajeswari nagar kondapur hyderabad,-
12223,Rajbhavan,-
12224,Rajeev Nagar,-
12225,Rajeevgandhi Nagar,-
12226,Rajender Reddy Nagar Colony Bandam Kommu,-
12227,Rajendranagar mandal,-
12228,Rajhmundry,-
12230,Rajiv gandhi Nagar,-
12231,Rajiv Nagar Co operative Housing Society Ltd,-
12232,Rajiv Shetti Nagar,-
12233,Rajiv Swagruha,-
12234,Rajiv Swagruha Township,-
12235,Raju Colony,-
12236,Raju Nagar,-
12237,Rakshapuram Road,-
12238,Rallaguda Road,-
12239,Ram Naresh Colony,-
12240,Ram Reddy Colony,-
12241,Rama Rao Nagar,-
12242,Ramachandra Nagar,-
12243,Ramakrishnapuram,-
12244,Ramalingeswara Colony,-
12245,Ramayanpet,-
12246,Rambramha Nagar,-
12247,Ramdas Colony,-
12248,Ramdas Nagar,-
12249,Ramdev Guda,-
12250,Ramkoti,-
12251,RAmkrishna Raju Residency,-
12252,Ramlingeswara Colony,-
12253,Ramnagar Gundu Hyderabad,-
12254,RamNaresh Nagar,-
12255,Ramraj Nagar Hyderabad,-
12256,Rana Pratap Nagar,-
12257,Rancheda Kalol Road,-
12258,Ranga Nagar,-
12259,Ranga Reddy Nagar Gandhi Nagar Industrial Area,-
12260,Rangapuram,-
12261,Rani Gunj,-
12262,Rani Vihar,-
12263,Raniganj,-
12264,Ranigunj,-
12265,Ranipet,-
12266,Ranjol,-
12267,Rantabad,-
12268,Rao Enclave,-
12269,Rashtrapati Road,-
12270,Ratna Colony,-
12271,Ratna Nagar,-
12272,Ratna Prabha Enclave,-
12273,Ravi Colony,-
12274,Ravi Colony Road,-
12275,Ravi Residency,-
12276,Ravikol,-
12277,Ravindra Nagar,-
12278,Ravindra Nagar Colony,-
12279,Ravindran Vajra Colony,-
12280,RBI Colony,-
12481,RCI Road,-
12482,Red Hills,-
12483,Regimental Bazaar,-
12484,Registration Colony,-
12485,Rein Bazar,-
12486,Reliance Villas,-
12487,Rendlagadda,-
12488,Renuka Yellamma Colony Road,-
12489,Resham Bagh,-
12490,Residential Flat Ameerpet,-
12491,Residential Flat Ashok Nagar,-
12492,Residential Flat Shramika Nagar,-
12493,Residential Flat Vanasatalipuram,-
12494,Residential House Alwal,-
12495,Residential land Zamistanpur,-
12496,Residential PlotFarooq Nagar,-
12497,Rethibowli,-
12498,Reti Bowli,-
12499,Revati Real Estate,-
12500,Revenue Board Colony,-
12501,Rezimental Bazar 6th Street,-
12502,RGIA,-
12503,Rhythubazar Road,-
12504,Rikab Gunj,-
12505,Risala Abdullah Colony,-
12506,Risala Bazar,-
12507,Riyasat Nagar,-
12508,RJH Colony,-
12509,RK Nagar,-
12510,RK Nagar Colony,-
12511,RK Puram Colony Road,-
12512,RK Puram Flyover,-
12513,RN Reddy Colony,-
12514,RN Reddy Nagar,-
12515,RNS Colony,-
12516,Road No 10,-
12517,Road No 3,-
12518,Road No 8,-
12519,Road No. 10 Banjara Hills,-
12520,Road No. 12 Banjara Hills,-
12521,Road No3 NIN Colony,-
12522,Road No5 NIN Colony,-
12523,Road Number 1,-
12524,Road Number 10,-
12525,Road Number 10C,-
12526,Road Number 11,-
12527,Road Number 12,-
12528,Road Number 13,-
12529,Road Number 14,-
12530,Road Number 2,-
12531,Road Number 20,-
12532,Road Number 3,-
12533,Road Number 36,-
12534,Road Number 3rd,-
12535,Road Number 4,-
12536,Road Number 45,-
12537,Road Number 72,-
12538,Road Number 78,-
12539,Road Number 86,-
12540,Road Number 9C,-
12741,Rock Garden,-
12742,Rock Hills Colony,-
12743,Rock Town Residents Colony,-
12744,Rocktown Colony,-
12745,Rolling Hills,-
12746,Roma Enclave 3,-
12747,Roshan Colony,-
12748,Royal Colony,-
12750,Royal Residency,-
12751,RR Nagar Road,-
12752,RTC Colony Ameenpur,-
12753,RTC Colony Road,-
12754,RTC Colony Road Number 1,-
12755,RTC Cross Road,-
12756,RTC Nagar Colony,-
12757,RTC Officers Colony,-
12758,RTC Supervisors Colony,-
12759,Rudra Colony,-
12760,Rudra Nagar Colony,-
12761,Rukmini Devi Colony,-
12762,Rukmini Enclave,-
12763,Rukmini Enclave Satyam,-
12764,S Nagar,-
12765,S P Road,-
12766,S R Nagar,-
12767,S R Nagar Internal Rd,-
12768,S V B S Nagar Colony,-
12769,S.P.Nagar,-
12770,Sabza Colony,-
12771,Sachivalaya Colony,-
12772,Sachivalaya Nagar,-
12773,Sadguru Colony,-
12774,Sadhana Vihar Colony,-
12775,Sadhna Viharana Colony,-
12776,Sadu Velle,-
12777,Safdar Nagar,-
12778,Sagar Complex,-
12779,Sagar Enclave Hyderabad,-
12780,Sagar Hills,-
12781,Sagar Ring road,-
12782,Sagar Society,-
12783,Sahabguda,-
12784,Sahara Estate,-
12785,Sahara States,-
12786,Sahithi Nagar,-
12787,Sai Aishwarya Colony Hyderabad,-
12789,Sai Aishwarya Layout Hyderabad,-
12790,Sai Baba Nagar,-
12791,Sai Baba Nagar Colony,-
12792,Sai Bhagwan Colony,-
12793,Sai Bhavani Nagar,-
12794,Sai Colony,-
12795,Sai Deluxe Nagar,-
12796,Sai Enclave,-
12798,Sai Harsha Nagar,-
12799,Sai Hills Colony,-
12800,Sai Homes,-
13001,Sai Krishna Colony,-
13002,Sai Krupa Colony,-
13003,Sai Nagar,-
13004,Sai Nagar Colony Road,-
13005,Sai Nagar Road,-
13006,Sai Nanditha Enclave,-
13007,Sai Prasanna Enclave,-
13008,Sai Priya Colony,-
13009,Sai Pruthvi Enclave,-
13010,Sai Raja Enclave,-
13011,Sai Ram Nagar,-
13014,Sai Ram Nagar Colony,-
13015,Sai Ram Nagar Hydershakote,-
13016,sai residency,-
13017,Sai Sahili Residency,-
13018,Sai Srinivas Nagar Colony,-
13019,Sai Subhashini Road,-
13020,Sai Sudheer Complex,-
13021,Sai Sudhir Deg,-
13022,Sai Vihar,-
13023,Saidabad Colony Road,-
13024,Saidapur,-
13025,Saifabad,-
13026,Sailajapuri Colony,-
13027,Sainath Enclave,-
13028,Sainathpuram,-
13029,Sainik Nagar,-
13030,Sainik Viahar,-
13031,Saipuram Colony,-
13032,Saipuri Colony,-
13033,Sairam Nagar,-
13034,Saket Township,-
13035,Sakthi Nagar,-
13036,Sakti Estate,-
13037,Salala Barkas,-
13038,Salarjung Colony,-
13039,Saleem Nagar,-
13040,Saleem nagar colony,-
13041,Saleem Nagar Colony Malakpet Extension,-
13042,Saleh Nagar,-
13043,Saleheen Colony,-
13044,Samatapuri Colony Kothapet,-
13045,Samatha Nagar,-
13046,Samatha Nagar Colony Hyderabad,-
13047,Samathapuri,-
13048,Samrat Colony,-
13049,Samrat Colony Suman Housing Colony,-
13050,Samson Colony,-
13051,Sanath Nagar IE,-
13052,Sanath Nagar Road,-
13053,Sancharpuri,-
13054,Sancharpuri Colony,-
13055,Sanghi Nagar,-
13056,Sanghi Temple,-
13057,Sanjay Gandhi Nagar,-
13058,Sanjay Nagar,-
13059,Sanjeev Nagar,-
13060,Sanjeevaiah Housing Co operative Society,-
13261,Sanjeevaiah Nagar,-
13263,Sanjeevipuram,-
13264,Santa Saket Colony,-
13265,Santa Sriram Estates,-
13266,Santhi Nagar,-
13267,Santosh Nagar Colony,-
13268,Santoshi Matha Colony,-
13269,Sapota Bagh,-
13270,Saptagiri Apartment,-
13271,Sapthagiri Colony,-
13272,Sarada Nagar,-
13273,Sarada Nagar Colony,-
13274,Saradanagar,-
13275,Sarasvaatiguda,-
13276,Saraswathi Colony,-
13277,Saraswathi Nagar Colony,-
13278,Saraswati Nagar Hyderabad,-
13279,Sardar Patel Colony,-
13280,Sardar Patel Nagar Road,-
13281,sardar Patel Road,-
13282,Saregudem,-
13283,Sarita Arcade,-
13284,Sarojini Naidu Nagar,-
13285,Sarojoni Devi Road,-
13286,Saroor Nagar East,-
13287,Saroor Nagar West,-
13288,Sarvasukhi Colony,-
13289,Sarvodaya Colony,-
13290,Satagiri Colony,-
13291,Satamrai,-
13292,Sathavahana Nagar,-
13293,Sathyanarayanapuram,-
13294,Satya Nagar Colony,-
13295,Satya Sai Enclave,-
13296,Satyam Enclave,-
13297,Satyam Theatre Road,-
13298,Satyam Valley,-
13299,Satyanagar,-
13300,Satyanarayana Swamy Nagar,-
13301,Savarkar Nagar,-
13302,Sayeedabad,-
13303,Sayeedabad Colony,-
13304,SBH Colony,-
13305,SBH Staff Colony,-
13306,SBI Colony Gudimalkapur,-
13307,SBI Executive Enclave,-
13308,Scientific Colony,-
13309,SDR Complex,-
13310,Secretariat,-
13311,Secretariat Employees Colony,-
13312,Sector 2D,-
13313,Sector 2D Road,-
13314,Seema Colony,-
13315,Seena Bakery Lane,-
13316,Seetha Ram Nagar,-
13317,Seethaphal Mandi,-
13318,Seetharambagh,-
13319,Seethariguda,-
13320,Setwinabad,-
13521,Sevalal Nagar,-
13522,Shaheen Colony,-
13523,Shahibaug,-
13524,Shakkar Gunj,-
13525,Shakti Enclave,-
13526,Shakti Nagar,-
13527,Shalivahana Nagar,-
13528,Shalivahana Nagar Colony,-
13529,Sham Nagar Colony,-
13530,Shamshbad,-
13531,Shanakar Nagar,-
13532,Shankar Nagar,-
13533,Shankar Nidhi RP Road,-
13534,Shanthi Nagar,-
13535,Shapur,-
13536,Shapur Nagar,-
13537,Shapur Nagar Main Road,-
13538,Sharada Nagar Main Road,-
13539,Sharadha Nagar,-
13540,Shastri Nagar Colony,-
13541,Shastri Puram,-
13542,Sherpally,-
13543,Shilpa Nagar,-
13544,Shiradi,-
13545,Shirdi Enclave,-
13547,Shirdi Homes,-
13548,Shirdi Sai Nagar,-
13549,Shiva Sai Enclave,-
13550,Shivaganga Hills,-
13551,Shivam Hills,-
13552,Shivam Road Amberpet,-
13553,Shivani Nagar Colony,-
13554,Shivareddy pally,-
13555,Shivrampalli Village,-
13556,Shivshankar Nagar,-
13557,Shramika Nagar,-
13558,Shri Mitra Enclave,-
13559,Shri Mitra Ramana Classic Enclave,-
13560,Shri Niwas State,-
13561,Shri Surya Residency,-
13562,Shyam Rao Nagar,-
13563,Shyamala Nagar,-
13564,Siddarth Nagar,-
13565,Siddharth Nagar,-
13566,Siddharth Nagar Colony,-
13567,Siddharth Residency,-
13568,Siddhartha Nagar,-
13569,Sikh Village Road,-
13570,Silent Valley Hills,-
13571,Silicon Ridge,-
13572,Silicon Valley,-
13573,Silpa Gram Craft Village,-
13574,silpa park,-
13575,Silpa Park Main,-
13576,Silver Oak Bungalows,-
13577,Silver Oaks School Road,-
13578,Simhapuri Colony,-
13579,Sindhi Colony Road,-
13580,Singareni,-
13781,Singareni Colony,-
13782,Sirimalle Urja Enclave,-
13783,Siris Road,-
13784,Sita Homes Colony,-
13785,Sita Meadows,-
13786,Sitafalmandi Hyderabad,-
13787,Sitaphalmandi,-
13788,Sitaram Nagar,-
13789,Sithaphal Mandi,-
13790,Siva Arun Colony,-
13791,Siva Hills,-
13792,Siva Nagar,-
13793,Siva Sai Puram,-
13794,Sivaganga Colony,-
13795,Sivaji Nagar,-
13796,Sivanarayanapuram,-
13797,Sivapuri Colony,-
13798,SJB Hills,-
13799,SMR Complex,-
13800,SMR Square,-
13801,SMR Vihar,-
13802,SMR Vinay City,-
13803,Sneha Prakash Enclave,-
13804,Sneha Residency,-
13805,Snehapuri Colony,-
13806,Solitier Residency,-
13807,Somajiguda Flyover,-
13808,Soman Guchhi,-
13809,South Lalaguda,-
13810,Southend Park,-
13811,Sowbhagya Nagar,-
13812,SP Road,-
13813,SPF Academy Road,-
13814,Spring Field,-
13815,Spring Fields Colony,-
13816,SR Enclave,-
13817,SR Nagar Internal Road,-
13818,SR Naik Nagar,-
13819,SR Naik Nagar Hyderabad,-
13820,Sreeram Nagar,-
13821,Sri Balaji Enclave,-
13822,Sri Balaji Layout,-
13823,Sri Balaji Layout Hyderabad,-
13824,Sri Balaji Nagar Colony,-
13825,Sri Chakri Puram Colony,-
13826,Sri Durga Estates,-
13827,Sri Guru Raghavendra Colony,-
13828,Sri Krishna Colony,-
13829,Sri Krishna Nagar,-
13830,Sri Krishna Nagar Colony,-
13831,Sri Maruthi Nagar Colony,-
13832,Sri Nagar Colony Banjara Hills,-
13833,Sri Nilaya Township,-
13834,Sri Nivas Shankar Colony,-
13835,Sri Raghavendra Nagar,-
13836,Sri Ram Nagar,-
13837,Sri Ram Nagar Laxmi Nagar,-
13838,Sri Rama Colony,-
13839,Sri Rama Nagar,-
14041,Sri Rayapatnam,-
14042,Sri Residency,-
14043,Sri Sai Balaji Town Ship,-
14044,Sri Sai Brindavan Colony,-
14045,Sri Sai Enclave,-
14047,Sri Sai Homes,-
14048,Sri Sai Janachithanya Colony,-
14049,Sri Sai Nagar,-
14051,Sri Sai Ram Enclave,-
14052,Sri Sai Residency,-
14053,Sri Sai Shivani Complex,-
14054,Sri Sai Tarun Enclave,-
14055,Sri Satya Sai Nagar,-
14056,Sri Sri Avenue,-
14057,Sri Sri Homes,-
14058,Sri Srinivasa Officers Colony,-
14059,Sri Srinivasapuram Colony,-
14060,Sri Vani Enclave,-
14061,Sri Vani Nagar,-
14062,Sri Vasavi Siva Nagar Colony,-
14064,Sri Venkateswar Residency,-
14065,Sri Vidhya Township,-
14066,Sri Vishnus Grande Vista hyd,-
14067,Sri Vivekananda Nagar,-
14068,Sridevi Theatre Lane,-
14069,Srikakulam,-
14070,Srila Park Pride Road,-
14071,Srilaxmi Nagar,-
14072,Srimallenagar Colony,-
14073,Srinagar Colony Main,-
14074,Srinagar Colony Road,-
14075,Srinagar Kanyakumari Highway,-
14076,Srinidhi Colony,-
14077,Srinidhis Oakland Road,-
14078,Srinivas Nagar,-
14079,Srinivasa Colony,-
14080,Srinivasa Housing Society,-
14081,Srinivasa Housing Society Venkatraya Nagar,-
14082,Srinivasa Nagar,-
14083,Srinivasa Nagar Colony,-
14084,Sripuram,-
14085,Sripuram Colony,-
14086,Sripuram Colony Hyderabad,-
14087,Sripuri Colony Road,-
14088,Sriram Nagar Road,-
14089,Sriramana Colony,-
14090,Srivnivasa Nagar,-
14091,SRK Nagar Road,-
14092,SRL Colony Main,-
14093,SRR Colony,-
14094,SRT Colony,-
14095,SRV Residency,-
14096,SS Nagar,-
14097,SSS Tower,-
14098,St. Michael Colony,-
14099,State Bank Colony,-
14100,State Bank Of Hyderabad Colony,-
14301,Station Road,-
14302,Street Number 5,-
14303,Street Number 8,-
14304,Street Number 9,-
14305,Subhas Nagar,-
14306,Subhash Nagar,-
14307,Subhash Nagar Hyderabad,-
14308,Subhodaya Colony,-
14309,Subhodaya Nagar,-
14310,Sudarshan Nagar,-
14311,Sudershan Reddy Nagar,-
14312,Sulatnpur,-
14313,Suleman Nagar,-
14314,Sultan Bagh,-
14315,Sultan Bazaar,-
14316,Sultan Nagar,-
14317,Sultan Nagar Erragadda Road,-
14318,Sultan Shahi,-
14319,Sultanpura,-
14320,Suma Residency Colony Road,-
14321,Suman Housing Colony,-
14322,Sumitra Enclave,-
14323,Sumitra Nagar Colony,-
14324,Sumitra Sapandana Enclave,-
14325,Sunamkothuru,-
14326,Suncity Road,-
14327,Sundar Nagar,-
14328,Sundar Rao Nagar,-
14329,Sunsree Residency Road,-
14330,Suprabath Nagar Colony,-
14331,Suraj Garden Colony Street Number 9,-
14332,Suraksha Colony,-
14333,Suraram Colony,-
14334,Suraram Village,-
14335,Surya Colony,-
14336,Surya Complex,-
14337,Surya Hills,-
14338,Surya Nagar,-
14339,Surya Nagar Colony,-
14340,Surya Nagar Saraswathi Colony,-
14341,Suvarna Valley Hyderabad,-
14342,SV Nagar,-
14343,Swamik Nagar,-
14344,Swamy Narayana Nagar,-
14345,Swarnagiri Colony,-
14346,Swarnandhra Colony,-
14347,Swaroop Nagar,-
14348,Swatantra Colony,-
14349,Swathi Avenue,-
14350,Swati Tower,-
14351,Sweta Enclave,-
14352,Syed Ali Chabutra,-
14353,Syed Azam Colony,-
14354,Syed Nagar,-
14355,Symphony Park Homes Road,-
14356,Syndicate Bank Colony,-
14357,Tadbund Centre Point,-
14358,Tadla Kunta,-
14359,Taj Enclave,-
14360,Talab Katta,-
14561,Talla Gadda,-
14562,Tanasha Nagar,-
14563,Tandhur,-
14564,Tangapur,-
14565,Tankbund road,-
14566,Tankbund Road Himayatnagar,-
14567,Tapovan Park,-
14568,Tappachabutra,-
14569,Tara Nagar,-
14570,Tarakarama Nagar,-
14572,Tarbund,-
14573,Tarnaka Main Road,-
14574,Tatva Global High School Road,-
14575,TCS Synergy Park,-
14576,Teachers Colony,-
14577,Tech Mahindra Infocity Driveway,-
14578,Teegala Guda,-
14579,Teja Colony,-
14580,Teja Enclave,-
14581,Tejaswi Nagar,-
14582,Tekdi Colony,-
14583,Telangana,-
14584,Telecom Colony,-
14585,Telecom Nagar Extension,-
14586,Thorrur,-
14587,Thyagaraya Nagar,-
14588,Timberlake Colony,-
14589,Timmipally,-
14590,Tirmala Arcade,-
14591,Tirumala Enclave,-
14593,Tirumala Hill Colony,-
14594,Tirumala Nagar Hyderabad,-
14595,Tirumala Nagar Quadri Bagh,-
14596,Tirumala Residency Colony,-
14597,Tirupathi,-
14598,Tirupati,-
14599,Tiwari Nagar,-
14600,TKR College Road,-
14601,TMR Enclave,-
14602,TNR Enclave,-
14603,Tolhata,-
14604,Tolichowki Road,-
14605,Tondangi,-
14606,Tondapally,-
14607,toofran biside,-
14608,Toopran Mandal,-
14609,Toroor,-
14610,TPS Colony,-
14611,Trimurti Colony Hyderabad,-
14612,Triveni Nagar,-
14613,Triveninagar,-
14614,Troop Bazaar,-
14615,Tropbazaar,-
14616,Tukaram Gateway,-
14617,Tulasi Nagar,-
14618,Tulsi Nagar,-
14619,Tulsi Nagar Colony,-
14620,Turab Nagar,-
14821,Turkayamjal X Roads,-
14822,Tusaram Colony,-
14823,Tutaguda,-
14824,TV Colony,-
14825,Twin City,-
14826,Uday Nagar Colony,-
14827,Udaynagar Colony Hyderabad,-
14828,Udaynagar Colony Main Road,-
14829,Uddachellapur,-
14830,Uma Nagar,-
14831,Uma Nagar Colony,-
14832,Umanagar Colony Hyderabad,-
14833,Uppal Bus Stop Road,-
14834,Uppar Guda,-
14835,Upparguda,-
14836,Uppuguda Station Road,-
14837,Ushamullapudi,-
14838,Ushodaya Colony Hyderabad,-
14839,V N Pally,-
14840,V V Nagar,-
14841,V V Nagar Road,-
14842,Vadargal,-
14843,Vahini Nagar,-
14844,Vaibhav Estate,-
14845,Vaidehi Nagar,-
14846,Vaishali Nagar,-
14847,Vaishanavi Colony,-
14848,Vali Colony,-
14849,Valluvar Nagar,-
14850,Valmiki Nagar,-
14851,Vamika Arcade,-
14852,Vandanapuri Colony Hyderabad,-
14853,Varasiddhi Enclave,-
14854,Vasant Vihar,-
14855,Vasanth nagar,-
14856,Vasanth Vihar Colony,-
14857,Vasanthapuri Colony,-
14858,Vasavi Colony,-
14859,Vayu Sakthi Nagar,-
14860,Vayu Vihar,-
14861,Veer Nagar,-
14862,Veera Reddy Colony,-
14863,Veera Reddy Nagar Colony,-
14864,Velly View Enclave,-
14865,Vemunguta,-
14866,Vengal Rao Nagar,-
14867,Vengal Rao Nagar A Block Road,-
14868,Vengalarao Nagar,-
14869,Venkat Enclave,-
14870,Venkat Nagar,-
14871,Venkat Nagar Colony,-
14872,venkat rao nagar,-
14873,Venkat Reddy Colony,-
14875,Venkata Ramana Colony,-
14876,Venkata Sai Colony,-
14877,Venkata Sai Nagar,-
14878,Venkata Swamy Nagar,-
14879,Venkatadhri Nivas Colony Badangpet,-
14880,Venkatadri Colony,-
15081,Venkatadri Township,-
15082,Venkatagiri,-
15083,Venkatapur Road,-
15084,Venkatarama Colony,-
15085,Venkataramana Colony Community Hall Road,-
15086,Venkataramana Enclave,-
15087,Venkatarami Reddy Nagar,-
15088,Venkateshwara Hills,-
15089,Venkateshwara Nagar,-
15090,Venkateshwara Officers Colony,-
15091,Venkateswara Colony,-
15095,Venkateswara Enclave Upparpally,-
15096,Venkateswara Hills,-
15097,Venkatgiri Road,-
15098,Vennala Gadda,-
15099,Vennela Township,-
15100,Veterinary Colony Ambedkar Nagar,-
15101,VHR Residency,-
15102,Videsi Colony,-
15103,Vidyut Nagar,-
15104,Vignanapuri Teachers Colony,-
15105,Vigneswar Enclave,-
15106,Vijay Sai Enclave,-
15107,Vijaya Durga Nagar,-
15108,Vijaya Gardens,-
15109,Vijaya Ponne Enclave,-
15110,Vijaya Residency,-
15111,Vijayapuri,-
15112,Vijayapuri Colony,-
15113,Vijayapuri Colony Phase I Main Road,-
15114,Vijayapuri Colony Road,-
15115,Vijayapuri East Colony,-
15116,Vijayasri Colony,-
15117,Vijaynagar Colony Masab Tank,-
15118,Vijaynagar Colony Road,-
15119,Vijaypuri Colony,-
15120,Vikrampuri,-
15121,Vikrant Residency,-
15122,Villa Greens,-
15123,Vimal Nagar,-
15124,Vimala Devi Nagar Colony,-
15125,Viman Nagar,-
15126,Vinay Nagar,-
15127,Vinayak Nagar,-
15132,Vinayak Nagar Colony,-
15133,Vinayaka Hills Colony,-
15134,Vinayakarao Nagar,-
15135,Virasat Nagar,-
15136,Virasat Nagar Akbarpura,-
15137,Virat Nagar,-
15138,Virat Nagar Colony,-
15139,Visaka Nagar,-
15140,Visatath Masjid Lane,-
15341,Vishali Nagar,-
15343,Vishwambhar Enclave,-
15344,Viswash Nagar,-
15345,vitalwadi,-
15346,Vittal Nagar,-
15347,Vittalwadi,-
15348,Vivek Nagar,-
15350,Vivek Nagar Basti,-
15351,Viveka Nagar,-
15352,Vivekananda Colony,-
15355,Vivekananda Nagar Extension,-
15356,Vivekanandapuram,-
15357,Vivekanandapuram Colony,-
15358,VKC Enclave,-
15359,Vnikata Sai Complex,-
15360,VR Colony,-
15361,Vrindavan Colony,-
15362,VST Colony,-
15363,VST Nagar,-
15364,VV Nagar Road,-
15365,Vyasapuri Colony,-
15366,W e s t Marredpally Road,-
15367,Wadi E Mahmood,-
15368,Wadi e Omer colony,-
15369,Wadi e Saleheen,-
15370,Wagarabad,-
15371,Walker Town,-
15372,warangal,-
15373,Ward No 7 Secunderabad,-
15374,Wave Rock Road,-
15377,West Balaji Hill Colony Hema Nagar,-
15378,West End Colony,-
15379,West Marredpally Main Road,-
15380,West Marredpally Road,-
15381,West Prasanth Nagar,-
15382,Western Hills,-
15383,Western Hills Hyderabad,-
15384,White Field Road,-
15385,White Fields,-
15386,Wincon,-
15387,Woodlands,-
15388,Yadadri Colony Road,-
15389,Yadamma Nagar,-
15390,Yadav Nagar,-
15391,Yadavareddy Nagar,-
15392,Yakutpura Colony,-
15393,Yammu Colony,-
15394,Yamnampet,-
15395,Yamnampet Flyover,-
15396,Yashoda Nagar,-
15397,Yellamma Banda,-
15398,Yenkapally,-
15399,Yerraboda,-
15400,Yerrakunta,-
15601,ymca circle,-
15602,Yousuf Tekri,-
15603,Yousufguda Basti,-
15604,Yousufguda Sri Krishna Nagar,-
15605,YSR Nagar Colony,-
